run_id,model,surface,real_split,layer,normalized_depth,n_templates,raw_same_template_cos,raw_other_template_cos,raw_alignment_margin,centered_same_template_cos,centered_other_template_cos,centered_alignment_margin,nearest_template_accuracy,real_to_nonce_nearest_accuracy,nonce_to_real_nearest_accuracy
REP01_E03,Qwen3-1.7B,base,item,0,0.0,5,0.4078289568424225,0.27902016043663025,0.12880879640579224,0.001340813934803009,-0.22905287146568298,0.2303936779499054,0.5,0.4,0.6
REP01_E03,Qwen3-1.7B,base,item,1,0.03571428571428571,5,0.778398334980011,0.7164505124092102,0.06194782257080078,0.0424773246049881,-0.27366727590560913,0.31614458560943604,0.8,1.0,0.6
REP01_E03,Qwen3-1.7B,base,item,2,0.07142857142857142,5,0.5628962516784668,0.49235549569129944,0.07054075598716736,-0.11288011074066162,-0.31187549233436584,0.19899538159370422,0.5,0.6,0.4
REP01_E03,Qwen3-1.7B,base,item,3,0.10714285714285714,5,0.319619357585907,0.23870012164115906,0.08091923594474792,-0.1999978870153427,-0.20004448294639587,4.659593105316162e-05,0.5,0.6,0.4
REP01_E03,Qwen3-1.7B,base,item,4,0.14285714285714285,5,0.28389427065849304,0.19928795099258423,0.08460631966590881,-0.20000500977039337,-0.20006008446216583,5.507469177246094e-05,0.5,0.6,0.4
REP01_E03,Qwen3-1.7B,base,item,5,0.17857142857142858,5,0.29955750703811646,0.22736120223999023,0.07219630479812622,-0.20001113414764404,-0.20008067786693573,6.954371929168701e-05,0.5,0.6,0.4
REP01_E03,Qwen3-1.7B,base,item,6,0.21428571428571427,5,0.3468915522098541,0.28866878151893616,0.05822277069091797,-0.20002193748950958,-0.20012502372264862,0.00010308623313903809,0.5,0.6,0.4
REP01_E03,Qwen3-1.7B,base,item,7,0.25,5,0.3859695792198181,0.3313139081001282,0.05465567111968994,-0.20004205405712128,-0.20017626881599426,0.00013421475887298584,0.5,0.6,0.4
REP01_E03,Qwen3-1.7B,base,item,8,0.2857142857142857,5,0.41667309403419495,0.373851478099823,0.04282161593437195,-0.2000618427991867,-0.20020326972007751,0.0001414269208908081,0.5,0.6,0.4
REP01_E03,Qwen3-1.7B,base,item,9,0.32142857142857145,5,0.44561171531677246,0.41095009446144104,0.03466162085533142,-0.20009303092956543,-0.20024769008159637,0.00015465915203094482,0.5,0.6,0.4
REP01_E03,Qwen3-1.7B,base,item,10,0.35714285714285715,5,0.47037678956985474,0.4328969419002533,0.03747984766960144,-0.2001226842403412,-0.2003539502620697,0.00023126602172851562,0.5,0.6,0.4
REP01_E03,Qwen3-1.7B,base,item,11,0.39285714285714285,5,0.5098671317100525,0.4745284616947174,0.03533867001533508,-0.2001829445362091,-0.20052361488342285,0.0003406703472137451,0.5,0.6,0.4
REP01_E03,Qwen3-1.7B,base,item,12,0.42857142857142855,5,0.5471739768981934,0.5132532119750977,0.0339207649230957,-0.20022933185100555,-0.20082899928092957,0.0005996674299240112,0.5,0.6,0.4
REP01_E03,Qwen3-1.7B,base,item,13,0.4642857142857143,5,0.5619156360626221,0.5277554988861084,0.03416013717651367,-0.20027467608451843,-0.20095396041870117,0.0006792843341827393,0.5,0.6,0.4
REP01_E03,Qwen3-1.7B,base,item,14,0.5,5,0.5699089765548706,0.5363802313804626,0.03352874517440796,-0.20034191012382507,-0.2011032998561859,0.0007613897323608398,0.5,0.6,0.4
REP01_E03,Qwen3-1.7B,base,item,15,0.5357142857142857,5,0.5735669136047363,0.5420458316802979,0.03152108192443848,-0.2004283219575882,-0.20138008892536163,0.0009517669677734375,0.5,0.6,0.4
REP01_E03,Qwen3-1.7B,base,item,16,0.5714285714285714,5,0.5876015424728394,0.5570200681686401,0.03058147430419922,-0.2006123960018158,-0.20176585018634796,0.0011534541845321655,0.5,0.6,0.4
REP01_E03,Qwen3-1.7B,base,item,17,0.6071428571428571,5,0.5999132394790649,0.5588343739509583,0.04107886552810669,-0.20110902190208435,-0.20429210364818573,0.0031830817461013794,0.5,0.6,0.4
REP01_E03,Qwen3-1.7B,base,item,18,0.6428571428571429,5,0.6194421052932739,0.5725004076957703,0.04694169759750366,-0.2018675059080124,-0.20700649917125702,0.005138993263244629,0.5,0.6,0.4
REP01_E03,Qwen3-1.7B,base,item,19,0.6785714285714286,5,0.6481270790100098,0.6014168858528137,0.046710193157196045,-0.20248231291770935,-0.2109307497739792,0.008448436856269836,0.5,0.6,0.4
REP01_E03,Qwen3-1.7B,base,item,20,0.7142857142857143,5,0.6911115646362305,0.6407236456871033,0.0503879189491272,-0.20270609855651855,-0.21861262619495392,0.015906527638435364,0.5,0.6,0.4
REP01_E03,Qwen3-1.7B,base,item,21,0.75,5,0.7409598231315613,0.6922010779380798,0.048758745193481445,-0.2023126184940338,-0.22707371413707733,0.024761095643043518,0.5,0.6,0.4
REP01_E03,Qwen3-1.7B,base,item,22,0.7857142857142857,5,0.8137530088424683,0.7709678411483765,0.0427851676940918,-0.20063333213329315,-0.23962871730327606,0.03899538516998291,0.5,0.6,0.4
REP01_E03,Qwen3-1.7B,base,item,23,0.8214285714285714,5,0.8503032922744751,0.8157738447189331,0.03452944755554199,-0.1999780386686325,-0.2479901760816574,0.0480121374130249,0.5,0.6,0.4
REP01_E03,Qwen3-1.7B,base,item,24,0.8571428571428571,5,0.8656845092773438,0.8364213109016418,0.029263198375701904,-0.2004300355911255,-0.26196372509002686,0.06153368949890137,0.5,0.6,0.4
REP01_E03,Qwen3-1.7B,base,item,25,0.8928571428571429,5,0.8853539228439331,0.8634843826293945,0.021869540214538574,-0.20184318721294403,-0.274787962436676,0.072944775223732,0.5,0.6,0.4
REP01_E03,Qwen3-1.7B,base,item,26,0.9285714285714286,5,0.8981004953384399,0.8799588084220886,0.01814168691635132,-0.2004433572292328,-0.28252285718917847,0.08207949995994568,0.5,0.6,0.4
REP01_E03,Qwen3-1.7B,base,item,27,0.9642857142857143,5,0.9113718271255493,0.897849440574646,0.01352238655090332,-0.2063538283109665,-0.30066779255867004,0.09431396424770355,0.5,0.6,0.4
REP01_E03,Qwen3-1.7B,base,item,28,1.0,5,0.9638606905937195,0.951339602470398,0.012521088123321533,-0.03293272852897644,-0.3312511742115021,0.29831844568252563,0.5,0.6,0.4
REP01_E05b,Qwen3-1.7B,full,family,0,0.0,5,0.37678179144859314,0.2971150279045105,0.07966676354408264,-0.12708821892738342,-0.26889073848724365,0.14180251955986023,0.4,0.2,0.6
REP01_E05b,Qwen3-1.7B,full,family,1,0.03571428571428571,5,0.8027359247207642,0.7600640058517456,0.042671918869018555,-0.08279239386320114,-0.3148268461227417,0.23203444480895996,0.7,0.8,0.6
REP01_E05b,Qwen3-1.7B,full,family,2,0.07142857142857142,5,0.738339900970459,0.6704629063606262,0.06787699460983276,-0.041455190628767014,-0.3267228901386261,0.28526771068573,0.5,0.6,0.4
REP01_E05b,Qwen3-1.7B,full,family,3,0.10714285714285714,5,0.16314251720905304,0.12681257724761963,0.03632993996143341,-0.20005032420158386,-0.20029661059379578,0.00024628639221191406,0.5,0.8,0.2
REP01_E05b,Qwen3-1.7B,full,family,4,0.14285714285714285,5,0.11291936784982681,0.07403615862131119,0.038883209228515625,-0.2001045197248459,-0.2004057615995407,0.0003012418746948242,0.4,0.6,0.2
REP01_E05b,Qwen3-1.7B,full,family,5,0.17857142857142858,5,0.11741242557764053,0.08562375605106354,0.031788669526576996,-0.20022597908973694,-0.2006339281797409,0.0004079490900039673,0.4,0.6,0.2
REP01_E05b,Qwen3-1.7B,full,family,6,0.21428571428571427,5,0.18519653379917145,0.1577049195766449,0.02749161422252655,-0.20027180016040802,-0.20082826912403107,0.0005564689636230469,0.4,0.6,0.2
REP01_E05b,Qwen3-1.7B,full,family,7,0.25,5,0.24334163963794708,0.2138575315475464,0.029484108090400696,-0.20036110281944275,-0.20105448365211487,0.0006933808326721191,0.5,0.8,0.2
REP01_E05b,Qwen3-1.7B,full,family,8,0.2857142857142857,5,0.2846745550632477,0.25965064764022827,0.02502390742301941,-0.20037038624286652,-0.20114783942699432,0.0007774531841278076,0.4,0.6,0.2
REP01_E05b,Qwen3-1.7B,full,family,9,0.32142857142857145,5,0.32551226019859314,0.3055638074874878,0.019948452711105347,-0.2005530595779419,-0.20147177577018738,0.0009187161922454834,0.4,0.6,0.2
REP01_E05b,Qwen3-1.7B,full,family,10,0.35714285714285715,5,0.3620782494544983,0.33948928117752075,0.02258896827697754,-0.2006361037492752,-0.20188236236572266,0.0012462586164474487,0.4,0.6,0.2
REP01_E05b,Qwen3-1.7B,full,family,11,0.39285714285714285,5,0.42297428846359253,0.4004043936729431,0.022569894790649414,-0.2009359896183014,-0.20266655087471008,0.0017305612564086914,0.4,0.6,0.2
REP01_E05b,Qwen3-1.7B,full,family,12,0.42857142857142855,5,0.48144227266311646,0.46030139923095703,0.021140873432159424,-0.20103633403778076,-0.20392057299613953,0.0028842389583587646,0.5,0.8,0.2
REP01_E05b,Qwen3-1.7B,full,family,13,0.4642857142857143,5,0.5027146339416504,0.4819590449333191,0.0207555890083313,-0.20119743049144745,-0.20432281494140625,0.0031253844499588013,0.4,0.6,0.2
REP01_E05b,Qwen3-1.7B,full,family,14,0.5,5,0.5190595984458923,0.4983202815055847,0.020739316940307617,-0.201585054397583,-0.20507636666297913,0.003491312265396118,0.5,0.8,0.2
REP01_E05b,Qwen3-1.7B,full,family,15,0.5357142857142857,5,0.5326677560806274,0.5114730000495911,0.021194756031036377,-0.20175714790821075,-0.2062317579984665,0.004474610090255737,0.4,0.6,0.2
REP01_E05b,Qwen3-1.7B,full,family,16,0.5714285714285714,5,0.5584636330604553,0.5363892316818237,0.022074401378631592,-0.20246703922748566,-0.2079959660768509,0.005528926849365234,0.4,0.6,0.2
REP01_E05b,Qwen3-1.7B,full,family,17,0.6071428571428571,5,0.5954378843307495,0.566510021686554,0.028927862644195557,-0.2027730643749237,-0.21662142872810364,0.013848364353179932,0.4,0.6,0.2
REP01_E05b,Qwen3-1.7B,full,family,18,0.6428571428571429,5,0.6329386830329895,0.5972147583961487,0.03572392463684082,-0.20650577545166016,-0.22778162360191345,0.021275848150253296,0.4,0.6,0.2
REP01_E05b,Qwen3-1.7B,full,family,19,0.6785714285714286,5,0.6835924386978149,0.6452974081039429,0.03829503059387207,-0.20492692291736603,-0.23845966160297394,0.03353273868560791,0.4,0.6,0.2
REP01_E05b,Qwen3-1.7B,full,family,20,0.7142857142857143,5,0.7405332326889038,0.6986660957336426,0.04186713695526123,-0.20093998312950134,-0.26316097378730774,0.062220990657806396,0.4,0.6,0.2
REP01_E05b,Qwen3-1.7B,full,family,21,0.75,5,0.8020803332328796,0.7620141506195068,0.0400661826133728,-0.19507969915866852,-0.2810404300689697,0.08596073091030121,0.4,0.6,0.2
REP01_E05b,Qwen3-1.7B,full,family,22,0.7857142857142857,5,0.8725728988647461,0.8383243680000305,0.034248530864715576,-0.162234827876091,-0.2850191593170166,0.1227843314409256,0.6000000000000001,0.8,0.4
REP01_E05b,Qwen3-1.7B,full,family,23,0.8214285714285714,5,0.9041546583175659,0.8763834834098816,0.027771174907684326,-0.15335774421691895,-0.29457491636276245,0.1412171721458435,0.6000000000000001,0.8,0.4
REP01_E05b,Qwen3-1.7B,full,family,24,0.8571428571428571,5,0.9207116961479187,0.8976572751998901,0.023054420948028564,-0.13774140179157257,-0.30476126074790955,0.16701985895633698,0.6000000000000001,0.8,0.4
REP01_E05b,Qwen3-1.7B,full,family,25,0.8928571428571429,5,0.938084602355957,0.9211381077766418,0.016946494579315186,-0.1314026415348053,-0.3194003999233246,0.1879977583885193,0.6000000000000001,0.8,0.4
REP01_E05b,Qwen3-1.7B,full,family,26,0.9285714285714286,5,0.9479609727859497,0.9341505169868469,0.013810455799102783,-0.13464704155921936,-0.3342384696006775,0.19959142804145813,0.6000000000000001,0.8,0.4
REP01_E05b,Qwen3-1.7B,full,family,27,0.9642857142857143,5,0.9584134221076965,0.94786536693573,0.010548055171966553,-0.14244310557842255,-0.35987234115600586,0.2174292355775833,0.5,0.6,0.4
REP01_E05b,Qwen3-1.7B,full,family,28,1.0,5,0.973279595375061,0.9628894925117493,0.010390102863311768,-0.08472631871700287,-0.401980459690094,0.31725412607192993,0.5,0.6,0.4
REP01_E06,Qwen3-8B,base,item,0,0.0,5,0.4657302796840668,0.3327811360359192,0.13294914364814758,0.009491877630352974,-0.2433611899614334,0.25285306572914124,0.5,0.4,0.6
REP01_E06,Qwen3-8B,base,item,1,0.027777777777777776,5,0.8189876675605774,0.7190132141113281,0.09997445344924927,0.16919180750846863,-0.29640641808509827,0.4655982255935669,0.7,0.8,0.6
REP01_E06,Qwen3-8B,base,item,2,0.05555555555555555,5,0.7743217349052429,0.6729748845100403,0.10134685039520264,0.07383330911397934,-0.3459906280040741,0.41982394456863403,0.7,0.8,0.6
REP01_E06,Qwen3-8B,base,item,3,0.08333333333333333,5,0.7215121388435364,0.6095099449157715,0.11200219392776489,0.01794513501226902,-0.3718641698360443,0.3898093104362488,0.7,0.8,0.6
REP01_E06,Qwen3-8B,base,item,4,0.1111111111111111,5,0.7253097891807556,0.5622299313545227,0.1630798578262329,0.1249161958694458,-0.3523116707801819,0.4772278666496277,0.8,1.0,0.6
REP01_E06,Qwen3-8B,base,item,5,0.1388888888888889,5,0.746663510799408,0.5908167958259583,0.1558467149734497,0.14009687304496765,-0.3329398036003113,0.47303667664527893,0.7,0.8,0.6
REP01_E06,Qwen3-8B,base,item,6,0.16666666666666666,5,0.7412446737289429,0.58006751537323,0.1611771583557129,0.2278321087360382,-0.2951863408088684,0.523018479347229,1.0,1.0,1.0
REP01_E06,Qwen3-8B,base,item,7,0.19444444444444445,5,0.36828503012657166,0.2718774378299713,0.09640759229660034,-0.2000008523464203,-0.20014803111553192,0.0001471787691116333,0.5,0.6,0.4
REP01_E06,Qwen3-8B,base,item,8,0.2222222222222222,5,0.36124831438064575,0.27661222219467163,0.08463609218597412,-0.20002326369285583,-0.20016518235206604,0.00014191865921020508,0.5,0.6,0.4
REP01_E06,Qwen3-8B,base,item,9,0.25,5,0.3867977261543274,0.3097495436668396,0.07704818248748779,-0.20004260540008545,-0.20019228756427765,0.0001496821641921997,0.5,0.6,0.4
REP01_E06,Qwen3-8B,base,item,10,0.2777777777777778,5,0.41219884157180786,0.33741939067840576,0.0747794508934021,-0.2000444382429123,-0.2002132683992386,0.00016883015632629395,0.5,0.6,0.4
REP01_E06,Qwen3-8B,base,item,11,0.3055555555555556,5,0.455073744058609,0.3937544524669647,0.06131929159164429,-0.200053408741951,-0.20023496448993683,0.00018155574798583984,0.5,0.6,0.4
REP01_E06,Qwen3-8B,base,item,12,0.3333333333333333,5,0.4666733145713806,0.4118085503578186,0.05486476421356201,-0.20008698105812073,-0.20027105510234833,0.0001840740442276001,0.5,0.6,0.4
REP01_E06,Qwen3-8B,base,item,13,0.3611111111111111,5,0.4912053942680359,0.4496445059776306,0.04156088829040527,-0.2001066654920578,-0.2002933919429779,0.00018672645092010498,0.5,0.6,0.4
REP01_E06,Qwen3-8B,base,item,14,0.3888888888888889,5,0.49516168236732483,0.4556888937950134,0.0394727885723114,-0.20011396706104279,-0.2003188580274582,0.00020489096641540527,0.5,0.6,0.4
REP01_E06,Qwen3-8B,base,item,15,0.4166666666666667,5,0.5103926658630371,0.47509416937828064,0.03529849648475647,-0.2001333236694336,-0.20034369826316833,0.0002103745937347412,0.5,0.6,0.4
REP01_E06,Qwen3-8B,base,item,16,0.4444444444444444,5,0.5112447738647461,0.4777123034000397,0.03353247046470642,-0.20016150176525116,-0.20039281249046326,0.00023131072521209717,0.5,0.6,0.4
REP01_E06,Qwen3-8B,base,item,17,0.4722222222222222,5,0.536107063293457,0.5056677460670471,0.030439317226409912,-0.20016436278820038,-0.20039060711860657,0.00022624433040618896,0.5,0.6,0.4
REP01_E06,Qwen3-8B,base,item,18,0.5,5,0.5500820875167847,0.5214130878448486,0.028668999671936035,-0.20018267631530762,-0.2004355490207672,0.0002528727054595947,0.5,0.6,0.4
REP01_E06,Qwen3-8B,base,item,19,0.5277777777777778,5,0.5689419507980347,0.5428582429885864,0.026083707809448242,-0.20020997524261475,-0.20050087571144104,0.00029090046882629395,0.5,0.6,0.4
REP01_E06,Qwen3-8B,base,item,20,0.5555555555555556,5,0.5841951370239258,0.5613836050033569,0.022811532020568848,-0.20025388896465302,-0.20062610507011414,0.0003722161054611206,0.5,0.6,0.4
REP01_E06,Qwen3-8B,base,item,21,0.5833333333333334,5,0.6004184484481812,0.5765460729598999,0.02387237548828125,-0.20027455687522888,-0.20071224868297577,0.0004376918077468872,0.5,0.6,0.4
REP01_E06,Qwen3-8B,base,item,22,0.6111111111111112,5,0.6061206459999084,0.5792447924613953,0.026875853538513184,-0.20035329461097717,-0.20088426768779755,0.0005309730768203735,0.5,0.6,0.4
REP01_E06,Qwen3-8B,base,item,23,0.6388888888888888,5,0.632306694984436,0.6039994955062866,0.028307199478149414,-0.20041553676128387,-0.20120000839233398,0.0007844716310501099,0.5,0.6,0.4
REP01_E06,Qwen3-8B,base,item,24,0.6666666666666666,5,0.6568590402603149,0.6235789060592651,0.033280134201049805,-0.2005777359008789,-0.2018548548221588,0.0012771189212799072,0.5,0.6,0.4
REP01_E06,Qwen3-8B,base,item,25,0.6944444444444444,5,0.6863425374031067,0.6544435024261475,0.03189903497695923,-0.20075830817222595,-0.20275083184242249,0.001992523670196533,0.5,0.6,0.4
REP01_E06,Qwen3-8B,base,item,26,0.7222222222222222,5,0.7157808542251587,0.683978259563446,0.031802594661712646,-0.20091819763183594,-0.20341575145721436,0.002497553825378418,0.5,0.6,0.4
REP01_E06,Qwen3-8B,base,item,27,0.75,5,0.7331594228744507,0.7000947594642639,0.03306466341018677,-0.20122437179088593,-0.20442824065685272,0.003203868865966797,0.5,0.6,0.4
REP01_E06,Qwen3-8B,base,item,28,0.7777777777777778,5,0.7485995292663574,0.7157448530197144,0.032854676246643066,-0.20149846374988556,-0.20540103316307068,0.0039025694131851196,0.5,0.6,0.4
REP01_E06,Qwen3-8B,base,item,29,0.8055555555555556,5,0.7647656202316284,0.7326347827911377,0.03213083744049072,-0.20218101143836975,-0.20691367983818054,0.004732668399810791,0.5,0.6,0.4
REP01_E06,Qwen3-8B,base,item,30,0.8333333333333334,5,0.7772355079650879,0.7448221445083618,0.032413363456726074,-0.20308193564414978,-0.20917360484600067,0.006091669201850891,0.5,0.6,0.4
REP01_E06,Qwen3-8B,base,item,31,0.8611111111111112,5,0.7855905294418335,0.7522286176681519,0.03336191177368164,-0.20471377670764923,-0.2135360687971115,0.00882229208946228,0.4,0.4,0.4
REP01_E06,Qwen3-8B,base,item,32,0.8888888888888888,5,0.7959302663803101,0.7669683694839478,0.028961896896362305,-0.2061273157596588,-0.2164263278245926,0.010299012064933777,0.4,0.4,0.4
REP01_E06,Qwen3-8B,base,item,33,0.9166666666666666,5,0.7924955487251282,0.766465425491333,0.026030123233795166,-0.20728984475135803,-0.21930217742919922,0.012012332677841187,0.4,0.4,0.4
REP01_E06,Qwen3-8B,base,item,34,0.9444444444444444,5,0.7963430285453796,0.7745689153671265,0.021774113178253174,-0.20909695327281952,-0.22283463180065155,0.013737678527832031,0.4,0.4,0.4
REP01_E06,Qwen3-8B,base,item,35,0.9722222222222222,5,0.8464710116386414,0.8352476358413696,0.011223375797271729,-0.22197194397449493,-0.2514002323150635,0.029428288340568542,0.4,0.4,0.4
REP01_E06,Qwen3-8B,base,item,36,1.0,5,0.925040066242218,0.9192374348640442,0.005802631378173828,-0.21753087639808655,-0.35709142684936523,0.1395605504512787,0.30000000000000004,0.4,0.2
REP01_E06b,Qwen3-8B,full,family,0,0.0,5,0.4283826947212219,0.3446919322013855,0.08369076251983643,-0.14831869304180145,-0.3039439618587494,0.15562526881694794,0.4,0.2,0.6
REP01_E06b,Qwen3-8B,full,family,1,0.027777777777777776,5,0.8156372308731079,0.7377693057060242,0.07786792516708374,0.05754108354449272,-0.32409244775772095,0.3816335201263428,0.7,0.8,0.6
REP01_E06b,Qwen3-8B,full,family,2,0.05555555555555555,5,0.8084247708320618,0.7214345932006836,0.08699017763137817,0.06454087048768997,-0.34085971117019653,0.4054005742073059,0.8,1.0,0.6
REP01_E06b,Qwen3-8B,full,family,3,0.08333333333333333,5,0.7831143736839294,0.6825039386749268,0.10061043500900269,0.052622176706790924,-0.3533819317817688,0.4060041010379791,0.8,1.0,0.6
REP01_E06b,Qwen3-8B,full,family,4,0.1111111111111111,5,0.7709335088729858,0.6127861738204956,0.15814733505249023,0.16101296246051788,-0.3499639630317688,0.5109769105911255,0.9,1.0,0.8
REP01_E06b,Qwen3-8B,full,family,5,0.1388888888888889,5,0.7717224359512329,0.6258244514465332,0.1458979845046997,0.13243964314460754,-0.3631816804409027,0.49562132358551025,0.9,1.0,0.8
REP01_E06b,Qwen3-8B,full,family,6,0.16666666666666666,5,0.7695082426071167,0.6283694505691528,0.14113879203796387,0.15330755710601807,-0.3451968729496002,0.4985044300556183,0.9,1.0,0.8
REP01_E06b,Qwen3-8B,full,family,7,0.19444444444444445,5,0.2275097370147705,0.17889361083507538,0.04861612617969513,-0.19994598627090454,-0.2005023956298828,0.0005564093589782715,0.4,0.6,0.2
REP01_E06b,Qwen3-8B,full,family,8,0.2222222222222222,5,0.22283995151519775,0.18303875625133514,0.03980119526386261,-0.1999950259923935,-0.2005656212568283,0.0005705952644348145,0.4,0.6,0.2
REP01_E06b,Qwen3-8B,full,family,9,0.25,5,0.25691303610801697,0.22015288472175598,0.036760151386260986,-0.20000407099723816,-0.2006572037935257,0.0006531327962875366,0.4,0.6,0.2
REP01_E06b,Qwen3-8B,full,family,10,0.2777777777777778,5,0.28692322969436646,0.2472555935382843,0.03966763615608215,-0.20001502335071564,-0.2007221281528473,0.0007071048021316528,0.4,0.6,0.2
REP01_E06b,Qwen3-8B,full,family,11,0.3055555555555556,5,0.34181833267211914,0.30605536699295044,0.0357629656791687,-0.20007486641407013,-0.20084957778453827,0.0007747113704681396,0.4,0.6,0.2
REP01_E06b,Qwen3-8B,full,family,12,0.3333333333333333,5,0.36243337392807007,0.3298860788345337,0.03254729509353638,-0.20017948746681213,-0.2009756863117218,0.000796198844909668,0.4,0.6,0.2
REP01_E06b,Qwen3-8B,full,family,13,0.3611111111111111,5,0.3984149396419525,0.37207117676734924,0.02634376287460327,-0.20026445388793945,-0.20109446346759796,0.0008300095796585083,0.4,0.6,0.2
REP01_E06b,Qwen3-8B,full,family,14,0.3888888888888889,5,0.40486377477645874,0.37904733419418335,0.02581644058227539,-0.20029766857624054,-0.20119424164295197,0.0008965730667114258,0.4,0.6,0.2
REP01_E06b,Qwen3-8B,full,family,15,0.4166666666666667,5,0.4252672791481018,0.40264248847961426,0.02262479066848755,-0.20036466419696808,-0.20127825438976288,0.0009135901927947998,0.4,0.6,0.2
REP01_E06b,Qwen3-8B,full,family,16,0.4444444444444444,5,0.43038469552993774,0.4083767831325531,0.022007912397384644,-0.2004552185535431,-0.20145566761493683,0.0010004490613937378,0.4,0.6,0.2
REP01_E06b,Qwen3-8B,full,family,17,0.4722222222222222,5,0.46106958389282227,0.44066286087036133,0.020406723022460938,-0.20049719512462616,-0.2014726847410202,0.000975489616394043,0.4,0.6,0.2
REP01_E06b,Qwen3-8B,full,family,18,0.5,5,0.48097342252731323,0.4616454541683197,0.01932796835899353,-0.20058150589466095,-0.2016535997390747,0.0010720938444137573,0.4,0.6,0.2
REP01_E06b,Qwen3-8B,full,family,19,0.5277777777777778,5,0.508460521697998,0.4906405508518219,0.017819970846176147,-0.20066578686237335,-0.2018955498933792,0.0012297630310058594,0.4,0.6,0.2
REP01_E06b,Qwen3-8B,full,family,20,0.5555555555555556,5,0.5339688062667847,0.5172317028045654,0.01673710346221924,-0.2007199227809906,-0.20234067738056183,0.001620754599571228,0.4,0.6,0.2
REP01_E06b,Qwen3-8B,full,family,21,0.5833333333333334,5,0.5561913847923279,0.5381871461868286,0.018004238605499268,-0.2007209062576294,-0.2026142179965973,0.0018933117389678955,0.4,0.6,0.2
REP01_E06b,Qwen3-8B,full,family,22,0.6111111111111112,5,0.5674197673797607,0.5466698408126831,0.020749926567077637,-0.20088687539100647,-0.20317070186138153,0.002283826470375061,0.4,0.6,0.2
REP01_E06b,Qwen3-8B,full,family,23,0.6388888888888888,5,0.6056275367736816,0.5843931436538696,0.02123439311981201,-0.20095296204090118,-0.20426686108112335,0.003313899040222168,0.4,0.6,0.2
REP01_E06b,Qwen3-8B,full,family,24,0.6666666666666666,5,0.6439254283905029,0.6171679496765137,0.026757478713989258,-0.2016865760087967,-0.20691657066345215,0.0052299946546554565,0.4,0.6,0.2
REP01_E06b,Qwen3-8B,full,family,25,0.6944444444444444,5,0.6890920400619507,0.6640332937240601,0.025058746337890625,-0.20191864669322968,-0.20982101559638977,0.007902368903160095,0.4,0.6,0.2
REP01_E06b,Qwen3-8B,full,family,26,0.7222222222222222,5,0.7262765765190125,0.701646089553833,0.024630486965179443,-0.2020588368177414,-0.21165764331817627,0.009598806500434875,0.4,0.6,0.2
REP01_E06b,Qwen3-8B,full,family,27,0.75,5,0.7530388236045837,0.7275727987289429,0.02546602487564087,-0.20295052230358124,-0.21467635035514832,0.011725828051567078,0.4,0.6,0.2
REP01_E06b,Qwen3-8B,full,family,28,0.7777777777777778,5,0.7738789916038513,0.7484405636787415,0.025438427925109863,-0.20305223762989044,-0.2173406183719635,0.014288380742073059,0.4,0.6,0.2
REP01_E06b,Qwen3-8B,full,family,29,0.8055555555555556,5,0.7971446514129639,0.7721172571182251,0.02502739429473877,-0.20433887839317322,-0.22162091732025146,0.017282038927078247,0.4,0.6,0.2
REP01_E06b,Qwen3-8B,full,family,30,0.8333333333333334,5,0.8169552087783813,0.790840208530426,0.026115000247955322,-0.20694661140441895,-0.22844643890857697,0.02149982750415802,0.4,0.6,0.2
REP01_E06b,Qwen3-8B,full,family,31,0.8611111111111112,5,0.8331044912338257,0.8055928945541382,0.0275115966796875,-0.2135813683271408,-0.24302735924720764,0.029445990920066833,0.4,0.6,0.2
REP01_E06b,Qwen3-8B,full,family,32,0.8888888888888888,5,0.8508637547492981,0.8281608819961548,0.02270287275314331,-0.21794089674949646,-0.2502959072589874,0.03235501050949097,0.4,0.6,0.2
REP01_E06b,Qwen3-8B,full,family,33,0.9166666666666666,5,0.8576340675354004,0.838160514831543,0.019473552703857422,-0.2244153469800949,-0.2629298269748688,0.038514479994773865,0.4,0.6,0.2
REP01_E06b,Qwen3-8B,full,family,34,0.9444444444444444,5,0.866051971912384,0.8497456312179565,0.01630634069442749,-0.23141852021217346,-0.27379515767097473,0.04237663745880127,0.4,0.6,0.2
REP01_E06b,Qwen3-8B,full,family,35,0.9722222222222222,5,0.9203701019287109,0.9117280840873718,0.008642017841339111,-0.28361615538597107,-0.35838913917541504,0.07477298378944397,0.4,0.6,0.2
REP01_E06b,Qwen3-8B,full,family,36,1.0,5,0.9634549021720886,0.9545446634292603,0.00891023874282837,-0.2372312843799591,-0.46342331171035767,0.22619202733039856,0.6,0.6,0.6
REP01_E07,Fanar-1-9B,base,item,0,0.0,5,0.729651927947998,0.6864606738090515,0.04319125413894653,-0.07295380532741547,-0.2675585150718689,0.19460470974445343,0.5,0.4,0.6
REP01_E07,Fanar-1-9B,base,item,1,0.023809523809523808,5,0.6700748205184937,0.6115959882736206,0.05847883224487305,-0.05634225159883499,-0.2643427848815918,0.2080005407333374,0.7,0.8,0.6
REP01_E07,Fanar-1-9B,base,item,2,0.047619047619047616,5,0.6741575598716736,0.6103470921516418,0.06381046772003174,-0.04396875575184822,-0.2783401608467102,0.23437140882015228,0.7,0.8,0.6
REP01_E07,Fanar-1-9B,base,item,3,0.07142857142857142,5,0.7169317603111267,0.6410741806030273,0.07585757970809937,0.024523723870515823,-0.2804650366306305,0.3049887716770172,0.8,0.8,0.8
REP01_E07,Fanar-1-9B,base,item,4,0.09523809523809523,5,0.7209453582763672,0.5979011654853821,0.12304419279098511,0.1295105516910553,-0.2727600932121277,0.402270644903183,1.0,1.0,1.0
REP01_E07,Fanar-1-9B,base,item,5,0.11904761904761904,5,0.7403602600097656,0.5900390148162842,0.15032124519348145,0.19142010807991028,-0.28185489773750305,0.47327500581741333,1.0,1.0,1.0
REP01_E07,Fanar-1-9B,base,item,6,0.14285714285714285,5,0.7525421380996704,0.6152410507202148,0.13730108737945557,0.1561765819787979,-0.31298643350601196,0.4691630005836487,1.0,1.0,1.0
REP01_E07,Fanar-1-9B,base,item,7,0.16666666666666666,5,0.7270556688308716,0.6024124026298523,0.12464326620101929,0.0712464451789856,-0.34995484352111816,0.42120128870010376,1.0,1.0,1.0
REP01_E07,Fanar-1-9B,base,item,8,0.19047619047619047,5,0.7260627746582031,0.6171730756759644,0.10888969898223877,0.012335896492004395,-0.36807313561439514,0.38040903210639954,1.0,1.0,1.0
REP01_E07,Fanar-1-9B,base,item,9,0.21428571428571427,5,0.693409264087677,0.592395544052124,0.10101372003555298,-0.0667760819196701,-0.4061985909938812,0.3394225239753723,1.0,1.0,1.0
REP01_E07,Fanar-1-9B,base,item,10,0.23809523809523808,5,0.734749972820282,0.6449695229530334,0.08978044986724854,-0.04708559438586235,-0.3948383331298828,0.34775274991989136,1.0,1.0,1.0
REP01_E07,Fanar-1-9B,base,item,11,0.2619047619047619,5,0.7450663447380066,0.6634549498558044,0.08161139488220215,-0.06989679485559464,-0.39967772364616394,0.3297809362411499,1.0,1.0,1.0
REP01_E07,Fanar-1-9B,base,item,12,0.2857142857142857,5,0.7520345449447632,0.671370267868042,0.08066427707672119,-0.06549430638551712,-0.4038057327270508,0.33831143379211426,1.0,1.0,1.0
REP01_E07,Fanar-1-9B,base,item,13,0.30952380952380953,5,0.7651757001876831,0.6881163120269775,0.07705938816070557,-0.06542184203863144,-0.3990612328052521,0.33363938331604004,1.0,1.0,1.0
REP01_E07,Fanar-1-9B,base,item,14,0.3333333333333333,5,0.7553232312202454,0.6824772357940674,0.07284599542617798,-0.11019133031368256,-0.4119078516960144,0.30171650648117065,0.9,0.8,1.0
REP01_E07,Fanar-1-9B,base,item,15,0.35714285714285715,5,0.7774991989135742,0.7199377417564392,0.05756145715713501,-0.152497798204422,-0.4078921377658844,0.2553943395614624,0.7,0.8,0.6
REP01_E07,Fanar-1-9B,base,item,16,0.38095238095238093,5,0.8045942187309265,0.7587462663650513,0.045847952365875244,-0.16964247822761536,-0.41860705614089966,0.2489645779132843,0.7,0.8,0.6
REP01_E07,Fanar-1-9B,base,item,17,0.40476190476190477,5,0.7846060395240784,0.7376589775085449,0.04694706201553345,-0.1843322217464447,-0.42529934644699097,0.24096712470054626,0.7,0.8,0.6
REP01_E07,Fanar-1-9B,base,item,18,0.42857142857142855,5,0.7851812243461609,0.7359503507614136,0.049230873584747314,-0.18570944666862488,-0.4357743263244629,0.250064879655838,0.7,0.8,0.6
REP01_E07,Fanar-1-9B,base,item,19,0.4523809523809524,5,0.8243751525878906,0.7822231650352478,0.04215198755264282,-0.18217474222183228,-0.4342765808105469,0.2521018385887146,0.7,0.8,0.6
REP01_E07,Fanar-1-9B,base,item,20,0.47619047619047616,5,0.823686957359314,0.7808472514152527,0.04283970594406128,-0.1825491487979889,-0.43715494871139526,0.25460579991340637,0.7,0.8,0.6
REP01_E07,Fanar-1-9B,base,item,21,0.5,5,0.8321189880371094,0.7921023964881897,0.04001659154891968,-0.19298863410949707,-0.4432702958583832,0.2502816617488861,0.7,0.8,0.6
REP01_E07,Fanar-1-9B,base,item,22,0.5238095238095238,5,0.8466310501098633,0.811176598072052,0.03545445203781128,-0.22652339935302734,-0.4690934121608734,0.24257001280784607,0.6,0.6,0.6
REP01_E07,Fanar-1-9B,base,item,23,0.5476190476190477,5,0.8580490946769714,0.8227483630180359,0.03530073165893555,-0.20139066874980927,-0.45551449060440063,0.2541238069534302,0.6,0.6,0.6
REP01_E07,Fanar-1-9B,base,item,24,0.5714285714285714,5,0.8740217089653015,0.840857982635498,0.03316372632980347,-0.1804516464471817,-0.4476858973503113,0.26723426580429077,0.6,0.6,0.6
REP01_E07,Fanar-1-9B,base,item,25,0.5952380952380952,5,0.8888999819755554,0.8567234873771667,0.03217649459838867,-0.15438714623451233,-0.4542434811592102,0.2998563349246979,0.7,0.6,0.8
REP01_E07,Fanar-1-9B,base,item,26,0.6190476190476191,5,0.8746479749679565,0.8373364210128784,0.037311553955078125,-0.17131346464157104,-0.46469300985336304,0.293379545211792,0.7,0.6,0.8
REP01_E07,Fanar-1-9B,base,item,27,0.6428571428571429,5,0.8876506686210632,0.853796660900116,0.033854007720947266,-0.16930082440376282,-0.4654805064201355,0.2961796820163727,0.6,0.6,0.6
REP01_E07,Fanar-1-9B,base,item,28,0.6666666666666666,5,0.8815656900405884,0.8436769247055054,0.03788876533508301,-0.11061517149209976,-0.4525223672389984,0.34190720319747925,0.8,0.8,0.8
REP01_E07,Fanar-1-9B,base,item,29,0.6904761904761905,5,0.8761216402053833,0.8393312692642212,0.03679037094116211,-0.11331182718276978,-0.45130982995033264,0.33799800276756287,0.8,0.8,0.8
REP01_E07,Fanar-1-9B,base,item,30,0.7142857142857143,5,0.8931665420532227,0.8586393594741821,0.03452718257904053,-0.10989334434270859,-0.43902474641799927,0.3291313946247101,0.7,0.6,0.8
REP01_E07,Fanar-1-9B,base,item,31,0.7380952380952381,5,0.8936566114425659,0.8618861436843872,0.03177046775817871,-0.10953281074762344,-0.4316011071205139,0.32206830382347107,0.7,0.6,0.8
REP01_E07,Fanar-1-9B,base,item,32,0.7619047619047619,5,0.8976567983627319,0.8692538142204285,0.028402984142303467,-0.11225076019763947,-0.4254286289215088,0.3131778836250305,0.6,0.6,0.6
REP01_E07,Fanar-1-9B,base,item,33,0.7857142857142857,5,0.902614951133728,0.8743970990180969,0.028217852115631104,-0.08857760578393936,-0.41442909836769104,0.3258515000343323,0.6,0.6,0.6
REP01_E07,Fanar-1-9B,base,item,34,0.8095238095238095,5,0.9142544865608215,0.8891580700874329,0.025096416473388672,-0.06404612213373184,-0.39430680871009827,0.330260694026947,0.6,0.6,0.6
REP01_E07,Fanar-1-9B,base,item,35,0.8333333333333334,5,0.9176999926567078,0.8943284153938293,0.023371577262878418,-0.07461702078580856,-0.3994508385658264,0.32483381032943726,0.6,0.6,0.6
REP01_E07,Fanar-1-9B,base,item,36,0.8571428571428571,5,0.9220102429389954,0.8996742963790894,0.022335946559906006,-0.05500752478837967,-0.3937910497188568,0.33878353238105774,0.6,0.6,0.6
REP01_E07,Fanar-1-9B,base,item,37,0.8809523809523809,5,0.9176986813545227,0.8950814008712769,0.02261728048324585,-0.07102251052856445,-0.3991145193576813,0.3280920088291168,0.6,0.6,0.6
REP01_E07,Fanar-1-9B,base,item,38,0.9047619047619048,5,0.9253914952278137,0.9057477116584778,0.019643783569335938,-0.07256297022104263,-0.4000941812992096,0.32753121852874756,0.6,0.6,0.6
REP01_E07,Fanar-1-9B,base,item,39,0.9285714285714286,5,0.9275568127632141,0.9083622097969055,0.019194602966308594,-0.0749351903796196,-0.39675241708755493,0.32181721925735474,0.7,0.6,0.8
REP01_E07,Fanar-1-9B,base,item,40,0.9523809523809523,5,0.932483971118927,0.9146742820739746,0.017809689044952393,-0.0879843682050705,-0.3977367579936981,0.3097524046897888,0.7,0.6,0.8
REP01_E07,Fanar-1-9B,base,item,41,0.9761904761904762,5,0.9343377351760864,0.9187648892402649,0.015572845935821533,-0.18104402720928192,-0.46234017610549927,0.28129613399505615,0.6000000000000001,0.4,0.8
REP01_E07,Fanar-1-9B,base,item,42,1.0,5,0.94390469789505,0.9361759424209595,0.007728755474090576,-0.45031213760375977,-0.6214711666107178,0.171159029006958,0.4,0.2,0.6
REP01_E07b,Fanar-1-9B,full,family,0,0.0,5,0.7650375366210938,0.7352201342582703,0.029817402362823486,-0.1625937521457672,-0.3077092468738556,0.14511549472808838,0.5,0.4,0.6
REP01_E07b,Fanar-1-9B,full,family,1,0.023809523809523808,5,0.6989431381225586,0.6580880880355835,0.0408550500869751,-0.1589348018169403,-0.31220853328704834,0.15327373147010803,0.6,0.6,0.6
REP01_E07b,Fanar-1-9B,full,family,2,0.047619047619047616,5,0.731481671333313,0.6830398440361023,0.04844182729721069,-0.114326611161232,-0.3144876956939697,0.20016108453273773,0.7,0.8,0.6
REP01_E07b,Fanar-1-9B,full,family,3,0.07142857142857142,5,0.7590092420578003,0.6949794888496399,0.0640297532081604,-0.02051800861954689,-0.3166305422782898,0.2961125373840332,0.9,1.0,0.8
REP01_E07b,Fanar-1-9B,full,family,4,0.09523809523809523,5,0.7497727274894714,0.644508421421051,0.10526430606842041,0.07625772058963776,-0.3128686547279358,0.38912636041641235,1.0,1.0,1.0
REP01_E07b,Fanar-1-9B,full,family,5,0.11904761904761904,5,0.7530479431152344,0.6188464760780334,0.13420146703720093,0.13312643766403198,-0.32166171073913574,0.4547881484031677,1.0,1.0,1.0
REP01_E07b,Fanar-1-9B,full,family,6,0.14285714285714285,5,0.7586186528205872,0.6355605125427246,0.12305814027786255,0.08943541347980499,-0.33719533681869507,0.42663073539733887,1.0,1.0,1.0
REP01_E07b,Fanar-1-9B,full,family,7,0.16666666666666666,5,0.7368704080581665,0.6261893510818481,0.11068105697631836,0.018129443749785423,-0.3625790774822235,0.3807085156440735,0.9,1.0,0.8
REP01_E07b,Fanar-1-9B,full,family,8,0.19047619047619047,5,0.7371489405632019,0.6434676051139832,0.09368133544921875,-0.051286183297634125,-0.38047340512275696,0.32918721437454224,0.9,1.0,0.8
REP01_E07b,Fanar-1-9B,full,family,9,0.21428571428571427,5,0.7028824090957642,0.615874707698822,0.08700770139694214,-0.12279567867517471,-0.4124332368373871,0.28963756561279297,0.8,1.0,0.6
REP01_E07b,Fanar-1-9B,full,family,10,0.23809523809523808,5,0.7531572580337524,0.6746308207511902,0.07852643728256226,-0.08957511186599731,-0.39175134897232056,0.30217623710632324,0.9,1.0,0.8
REP01_E07b,Fanar-1-9B,full,family,11,0.2619047619047619,5,0.7694309949874878,0.6965102553367615,0.07292073965072632,-0.10196764767169952,-0.39325910806655884,0.2912914752960205,0.9,1.0,0.8
REP01_E07b,Fanar-1-9B,full,family,12,0.2857142857142857,5,0.7771854996681213,0.7054223418235779,0.07176315784454346,-0.10329660028219223,-0.40139156579971313,0.2980949580669403,0.9,1.0,0.8
REP01_E07b,Fanar-1-9B,full,family,13,0.30952380952380953,5,0.7863896489143372,0.7184122204780579,0.0679774284362793,-0.10903887450695038,-0.40153342485427856,0.292494535446167,0.9,1.0,0.8
REP01_E07b,Fanar-1-9B,full,family,14,0.3333333333333333,5,0.7818332314491272,0.718150794506073,0.0636824369430542,-0.14515802264213562,-0.41337448358535767,0.26821646094322205,0.7,0.8,0.6
REP01_E07b,Fanar-1-9B,full,family,15,0.35714285714285715,5,0.8042012453079224,0.7539895176887512,0.05021172761917114,-0.18112127482891083,-0.41922345757484436,0.23810218274593353,0.7,0.8,0.6
REP01_E07b,Fanar-1-9B,full,family,16,0.38095238095238093,5,0.8263881802558899,0.7874836921691895,0.03890448808670044,-0.20268592238426208,-0.4278649389743805,0.2251790165901184,0.7,0.8,0.6
REP01_E07b,Fanar-1-9B,full,family,17,0.40476190476190477,5,0.8101776242256165,0.7699309587478638,0.040246665477752686,-0.2160569429397583,-0.4355025291442871,0.2194455862045288,0.8,1.0,0.6
REP01_E07b,Fanar-1-9B,full,family,18,0.42857142857142855,5,0.806763768196106,0.7641545534133911,0.042609214782714844,-0.21392109990119934,-0.4375816285610199,0.22366052865982056,0.7,0.8,0.6
REP01_E07b,Fanar-1-9B,full,family,19,0.4523809523809524,5,0.8422507047653198,0.8057939410209656,0.03645676374435425,-0.20724818110466003,-0.43564552068710327,0.22839733958244324,0.7,0.8,0.6
REP01_E07b,Fanar-1-9B,full,family,20,0.47619047619047616,5,0.8431301116943359,0.8067833781242371,0.03634673357009888,-0.2121092975139618,-0.440303236246109,0.22819393873214722,0.7,0.8,0.6
REP01_E07b,Fanar-1-9B,full,family,21,0.5,5,0.8501084446907043,0.8165379762649536,0.03357046842575073,-0.22815687954425812,-0.44714784622192383,0.2189909666776657,0.7,0.8,0.6
REP01_E07b,Fanar-1-9B,full,family,22,0.5238095238095238,5,0.8630110025405884,0.8332853317260742,0.02972567081451416,-0.2550661861896515,-0.466718852519989,0.21165266633033752,0.6,0.6,0.6
REP01_E07b,Fanar-1-9B,full,family,23,0.5476190476190477,5,0.8730495572090149,0.8435344696044922,0.029515087604522705,-0.23233279585838318,-0.4529348313808441,0.22060203552246094,0.6,0.6,0.6
REP01_E07b,Fanar-1-9B,full,family,24,0.5714285714285714,5,0.8879162669181824,0.8603487014770508,0.027567565441131592,-0.21714410185813904,-0.44430285692214966,0.22715875506401062,0.6,0.6,0.6
REP01_E07b,Fanar-1-9B,full,family,25,0.5952380952380952,5,0.9004708528518677,0.8742610812187195,0.026209771633148193,-0.21895191073417664,-0.45944586396217346,0.24049395322799683,0.6,0.6,0.6
REP01_E07b,Fanar-1-9B,full,family,26,0.6190476190476191,5,0.8834565281867981,0.8539178967475891,0.029538631439208984,-0.2510588467121124,-0.4767377972602844,0.225678950548172,0.6,0.6,0.6
REP01_E07b,Fanar-1-9B,full,family,27,0.6428571428571429,5,0.8987528681755066,0.8719569444656372,0.026795923709869385,-0.21170330047607422,-0.45175665616989136,0.24005335569381714,0.6,0.6,0.6
REP01_E07b,Fanar-1-9B,full,family,28,0.6666666666666666,5,0.8954482078552246,0.864617645740509,0.030830562114715576,-0.17324617505073547,-0.4521467685699463,0.2789005935192108,0.6,0.6,0.6
REP01_E07b,Fanar-1-9B,full,family,29,0.6904761904761905,5,0.8888939023017883,0.8596981763839722,0.029195725917816162,-0.1789431869983673,-0.45204272866249084,0.27309954166412354,0.6,0.6,0.6
REP01_E07b,Fanar-1-9B,full,family,30,0.7142857142857143,5,0.9042094945907593,0.8769102096557617,0.02729928493499756,-0.16623058915138245,-0.4369792938232422,0.27074870467185974,0.6,0.6,0.6
REP01_E07b,Fanar-1-9B,full,family,31,0.7380952380952381,5,0.9049475789070129,0.8800066113471985,0.024940967559814453,-0.16951508820056915,-0.4341469407081604,0.26463186740875244,0.6,0.6,0.6
REP01_E07b,Fanar-1-9B,full,family,32,0.7619047619047619,5,0.9077728986740112,0.8854801058769226,0.022292792797088623,-0.16974768042564392,-0.4293981194496155,0.25965043902397156,0.6,0.6,0.6
REP01_E07b,Fanar-1-9B,full,family,33,0.7857142857142857,5,0.9115169644355774,0.8896322250366211,0.0218847393989563,-0.15911586582660675,-0.4255530834197998,0.26643723249435425,0.6,0.6,0.6
REP01_E07b,Fanar-1-9B,full,family,34,0.8095238095238095,5,0.9236801862716675,0.9041926264762878,0.01948755979537964,-0.13877202570438385,-0.40817269682884216,0.2694006562232971,0.6,0.6,0.6
REP01_E07b,Fanar-1-9B,full,family,35,0.8333333333333334,5,0.9253718256950378,0.9067444801330566,0.0186273455619812,-0.14198054373264313,-0.4119539260864258,0.26997339725494385,0.7,0.8,0.6
REP01_E07b,Fanar-1-9B,full,family,36,0.8571428571428571,5,0.9291936755180359,0.9115802049636841,0.017613470554351807,-0.13011261820793152,-0.4069649279117584,0.2768523097038269,0.6,0.6,0.6
REP01_E07b,Fanar-1-9B,full,family,37,0.8809523809523809,5,0.9283753633499146,0.9101570248603821,0.01821833848953247,-0.12914614379405975,-0.4046427607536316,0.27549660205841064,0.6,0.6,0.6
REP01_E07b,Fanar-1-9B,full,family,38,0.9047619047619048,5,0.9345267415046692,0.9184325933456421,0.0160941481590271,-0.1500714272260666,-0.417949914932251,0.2678784728050232,0.6,0.6,0.6
REP01_E07b,Fanar-1-9B,full,family,39,0.9285714285714286,5,0.9363378286361694,0.9202280044555664,0.016109824180603027,-0.1337096393108368,-0.40506497025489807,0.2713553309440613,0.6,0.6,0.6
REP01_E07b,Fanar-1-9B,full,family,40,0.9523809523809523,5,0.9414947628974915,0.9265077710151672,0.014986991882324219,-0.1422850787639618,-0.4058024287223816,0.2635173499584198,0.6,0.6,0.6
REP01_E07b,Fanar-1-9B,full,family,41,0.9761904761904762,5,0.938826858997345,0.9268566370010376,0.011970221996307373,-0.2668319344520569,-0.48882514238357544,0.22199320793151855,0.6,0.6,0.6
REP01_E07b,Fanar-1-9B,full,family,42,1.0,5,0.942796528339386,0.9372748136520386,0.005521714687347412,-0.5573400259017944,-0.6711407899856567,0.1138007640838623,0.4,0.6,0.2
REP01_E08,ALLaM-7B,base,item,0,0.0,5,0.16554035246372223,0.1032029241323471,0.06233742833137512,-0.13493067026138306,-0.23137667775154114,0.09644600749015808,0.6,0.6,0.6
REP01_E08,ALLaM-7B,base,item,1,0.03125,5,0.8713067770004272,0.8611292839050293,0.01017749309539795,-0.253020703792572,-0.3644624948501587,0.11144179105758667,0.7,0.8,0.6
REP01_E08,ALLaM-7B,base,item,2,0.0625,5,0.95073002576828,0.9493811726570129,0.0013488531112670898,-0.6906495094299316,-0.6613081693649292,-0.02934134006500244,0.2,0.2,0.2
REP01_E08,ALLaM-7B,base,item,3,0.09375,5,0.19053512811660767,0.18924503028392792,0.0012900978326797485,-0.9987810254096985,-0.9989141225814819,0.00013309717178344727,0.5,0.8,0.2
REP01_E08,ALLaM-7B,base,item,4,0.125,5,0.039773859083652496,0.03960809484124184,0.0001657642424106598,-0.9999868273735046,-0.9999884366989136,1.6093254089355469e-06,0.30000000000000004,0.4,0.2
REP01_E08,ALLaM-7B,base,item,5,0.15625,5,0.03493092209100723,0.03472885861992836,0.00020206347107887268,-0.9999847412109375,-0.9999866485595703,1.9073486328125e-06,0.30000000000000004,0.4,0.2
REP01_E08,ALLaM-7B,base,item,6,0.1875,5,-0.017452236264944077,-0.017684035003185272,0.00023179873824119568,-0.9999825358390808,-0.9999850988388062,2.562999725341797e-06,0.2,0.2,0.2
REP01_E08,ALLaM-7B,base,item,7,0.21875,5,-0.019556337967514992,-0.019798643887043,0.0002423059195280075,-0.999980092048645,-0.9999833106994629,3.2186508178710938e-06,0.2,0.2,0.2
REP01_E08,ALLaM-7B,base,item,8,0.25,5,0.03605794534087181,0.03580334037542343,0.0002546049654483795,-0.9999772906303406,-0.9999815225601196,4.231929779052734e-06,0.2,0.2,0.2
REP01_E08,ALLaM-7B,base,item,9,0.28125,5,0.08018287271261215,0.07991838455200195,0.000264488160610199,-0.9999731779098511,-0.9999784231185913,5.245208740234375e-06,0.30000000000000004,0.4,0.2
REP01_E08,ALLaM-7B,base,item,10,0.3125,5,0.129608154296875,0.12931253015995026,0.00029562413692474365,-0.9999658465385437,-0.9999736547470093,7.808208465576172e-06,0.30000000000000004,0.4,0.2
REP01_E08,ALLaM-7B,base,item,11,0.34375,5,0.18473082780838013,0.1844574511051178,0.0002733767032623291,-0.9999585151672363,-0.9999683499336243,9.834766387939453e-06,0.30000000000000004,0.4,0.2
REP01_E08,ALLaM-7B,base,item,12,0.375,5,0.181316539645195,0.1810183823108673,0.00029815733432769775,-0.9999488592147827,-0.9999619722366333,1.3113021850585938e-05,0.2,0.2,0.2
REP01_E08,ALLaM-7B,base,item,13,0.40625,5,0.1936756819486618,0.19338011741638184,0.00029556453227996826,-0.9999411702156067,-0.999955952167511,1.4781951904296875e-05,0.2,0.2,0.2
REP01_E08,ALLaM-7B,base,item,14,0.4375,5,0.17631249129772186,0.17603075504302979,0.00028173625469207764,-0.9999358057975769,-0.9999521374702454,1.633167266845703e-05,0.2,0.2,0.2
REP01_E08,ALLaM-7B,base,item,15,0.46875,5,0.18469351530075073,0.18441221117973328,0.00028130412101745605,-0.9999276399612427,-0.9999454617500305,1.7821788787841797e-05,0.2,0.2,0.2
REP01_E08,ALLaM-7B,base,item,16,0.5,5,0.1708434522151947,0.17058280110359192,0.0002606511116027832,-0.9999192953109741,-0.9999384880065918,1.919269561767578e-05,0.2,0.2,0.2
REP01_E08,ALLaM-7B,base,item,17,0.53125,5,0.17045505344867706,0.1701938360929489,0.0002612173557281494,-0.9999088048934937,-0.9999305009841919,2.1696090698242188e-05,0.2,0.2,0.2
REP01_E08,ALLaM-7B,base,item,18,0.5625,5,0.15147578716278076,0.15117552876472473,0.0003002583980560303,-0.9998912811279297,-0.9999176859855652,2.6404857635498047e-05,0.2,0.2,0.2
REP01_E08,ALLaM-7B,base,item,19,0.59375,5,0.17912189662456512,0.17883248627185822,0.0002894103527069092,-0.9998822212219238,-0.9999107122421265,2.849102020263672e-05,0.2,0.2,0.2
REP01_E08,ALLaM-7B,base,item,20,0.625,5,0.18573418259620667,0.18542985618114471,0.0003043264150619507,-0.9998660087585449,-0.9999009966850281,3.49879264831543e-05,0.2,0.2,0.2
REP01_E08,ALLaM-7B,base,item,21,0.65625,5,0.1878642588853836,0.18753524124622345,0.00032901763916015625,-0.999850869178772,-0.9998920559883118,4.118680953979492e-05,0.2,0.2,0.2
REP01_E08,ALLaM-7B,base,item,22,0.6875,5,0.18557694554328918,0.1852359026670456,0.0003410428762435913,-0.9998348951339722,-0.9998816251754761,4.673004150390625e-05,0.2,0.2,0.2
REP01_E08,ALLaM-7B,base,item,23,0.71875,5,0.1654050350189209,0.16500607132911682,0.00039896368980407715,-0.9998047947883606,-0.9998618960380554,5.710124969482422e-05,0.2,0.2,0.2
REP01_E08,ALLaM-7B,base,item,24,0.75,5,0.15534575283527374,0.1548747569322586,0.0004709959030151367,-0.99976646900177,-0.9998375177383423,7.104873657226562e-05,0.2,0.2,0.2
REP01_E08,ALLaM-7B,base,item,25,0.78125,5,0.14482809603214264,0.14430062472820282,0.0005274713039398193,-0.9996985197067261,-0.9997932314872742,9.47117805480957e-05,0.2,0.2,0.2
REP01_E08,ALLaM-7B,base,item,26,0.8125,5,0.12703068554401398,0.1264246106147766,0.0006060749292373657,-0.9996109008789062,-0.9997352361679077,0.00012433528900146484,0.2,0.2,0.2
REP01_E08,ALLaM-7B,base,item,27,0.84375,5,0.1030559092760086,0.10236416012048721,0.0006917491555213928,-0.9994953870773315,-0.9996563196182251,0.0001609325408935547,0.30000000000000004,0.4,0.2
REP01_E08,ALLaM-7B,base,item,28,0.875,5,0.10798293352127075,0.10724806785583496,0.000734865665435791,-0.9993562698364258,-0.9995604753494263,0.00020420551300048828,0.30000000000000004,0.4,0.2
REP01_E08,ALLaM-7B,base,item,29,0.90625,5,0.10214392840862274,0.1012178286910057,0.0009260997176170349,-0.9990361332893372,-0.9993515014648438,0.0003153681755065918,0.30000000000000004,0.4,0.2
REP01_E08,ALLaM-7B,base,item,30,0.9375,5,0.0974925309419632,0.09648700058460236,0.0010055303573608398,-0.9986952543258667,-0.9991276860237122,0.000432431697845459,0.30000000000000004,0.4,0.2
REP01_E08,ALLaM-7B,base,item,31,0.96875,5,0.12425944954156876,0.12245498597621918,0.0018044635653495789,-0.9953914880752563,-0.9968694448471069,0.001477956771850586,0.30000000000000004,0.4,0.2
REP01_E08,ALLaM-7B,base,item,32,1.0,5,0.6434412598609924,0.6073803305625916,0.03606092929840088,-0.5816401243209839,-0.704351544380188,0.1227114200592041,0.4,0.4,0.4
REP01_E08b,ALLaM-7B,full,family,0,0.0,5,0.23250074684619904,0.16157570481300354,0.0709250420331955,-0.17348720133304596,-0.279428631067276,0.10594142973423004,0.5,0.6,0.4
REP01_E08b,ALLaM-7B,full,family,1,0.03125,5,0.9164997339248657,0.9082080721855164,0.008291661739349365,-0.22326397895812988,-0.3456229567527771,0.12235897779464722,0.5,0.8,0.2
REP01_E08b,ALLaM-7B,full,family,2,0.0625,5,0.9803661108016968,0.9793591499328613,0.0010069608688354492,-0.5194988250732422,-0.43647199869155884,-0.08302682638168335,0.1,0.0,0.2
REP01_E08b,ALLaM-7B,full,family,3,0.09375,5,0.20272693037986755,0.20032115280628204,0.0024057775735855103,-0.599522590637207,-0.5996765494346619,0.00015395879745483398,0.6,1.0,0.2
REP01_E08b,ALLaM-7B,full,family,4,0.125,5,0.04088302701711655,0.04055381566286087,0.00032921135425567627,-0.5999948978424072,-0.5999964475631714,1.5497207641601562e-06,0.4,0.6,0.2
REP01_E08b,ALLaM-7B,full,family,5,0.15625,5,0.03616558015346527,0.03572181612253189,0.0004437640309333801,-0.5999953746795654,-0.5999976396560669,2.2649765014648438e-06,0.30000000000000004,0.4,0.2
REP01_E08b,ALLaM-7B,full,family,6,0.1875,5,-0.016171181574463844,-0.01668408513069153,0.000512903556227684,-0.5999966263771057,-0.5999996662139893,3.039836883544922e-06,0.30000000000000004,0.4,0.2
REP01_E08b,ALLaM-7B,full,family,7,0.21875,5,-0.018016116693615913,-0.018523115664720535,0.0005069989711046219,-0.5999980568885803,-0.6000014543533325,3.3974647521972656e-06,0.4,0.6,0.2
REP01_E08b,ALLaM-7B,full,family,8,0.25,5,0.03805765137076378,0.03752049058675766,0.0005371607840061188,-0.599998414516449,-0.6000028848648071,4.470348358154297e-06,0.4,0.6,0.2
REP01_E08b,ALLaM-7B,full,family,9,0.28125,5,0.08279348909854889,0.08223497122526169,0.0005585178732872009,-0.6000000834465027,-0.6000058054924011,5.7220458984375e-06,0.4,0.6,0.2
REP01_E08b,ALLaM-7B,full,family,10,0.3125,5,0.13288700580596924,0.13226518034934998,0.0006218254566192627,-0.6000011563301086,-0.6000093221664429,8.165836334228516e-06,0.30000000000000004,0.4,0.2
REP01_E08b,ALLaM-7B,full,family,11,0.34375,5,0.18869875371456146,0.18810677528381348,0.0005919784307479858,-0.6000020503997803,-0.6000125408172607,1.049041748046875e-05,0.30000000000000004,0.4,0.2
REP01_E08b,ALLaM-7B,full,family,12,0.375,5,0.1858665645122528,0.18520279228687286,0.0006637722253799438,-0.600004255771637,-0.6000180840492249,1.3828277587890625e-05,0.30000000000000004,0.4,0.2
REP01_E08b,ALLaM-7B,full,family,13,0.40625,5,0.19879265129566193,0.19816023111343384,0.0006324201822280884,-0.600007176399231,-0.6000220775604248,1.4901161193847656e-05,0.30000000000000004,0.4,0.2
REP01_E08b,ALLaM-7B,full,family,14,0.4375,5,0.18204975128173828,0.18146586418151855,0.0005838871002197266,-0.6000128388404846,-0.6000289916992188,1.615285873413086e-05,0.30000000000000004,0.4,0.2
REP01_E08b,ALLaM-7B,full,family,15,0.46875,5,0.19112074375152588,0.19058477878570557,0.0005359649658203125,-0.6000169515609741,-0.6000322699546814,1.531839370727539e-05,0.30000000000000004,0.4,0.2
REP01_E08b,ALLaM-7B,full,family,16,0.5,5,0.17802077531814575,0.1775762438774109,0.0004445314407348633,-0.6000240445137024,-0.6000388264656067,1.4781951904296875e-05,0.30000000000000004,0.4,0.2
REP01_E08b,ALLaM-7B,full,family,17,0.53125,5,0.17834341526031494,0.1779509335756302,0.0003924816846847534,-0.6000291109085083,-0.600044846534729,1.5735626220703125e-05,0.30000000000000004,0.4,0.2
REP01_E08b,ALLaM-7B,full,family,18,0.5625,5,0.15861563384532928,0.15811577439308167,0.0004998594522476196,-0.6000353097915649,-0.6000574231147766,2.2113323211669922e-05,0.30000000000000004,0.4,0.2
REP01_E08b,ALLaM-7B,full,family,19,0.59375,5,0.18743975460529327,0.186991885304451,0.00044786930084228516,-0.6000443696975708,-0.6000670790672302,2.2709369659423828e-05,0.30000000000000004,0.4,0.2
REP01_E08b,ALLaM-7B,full,family,20,0.625,5,0.19507625699043274,0.19456151127815247,0.0005147457122802734,-0.6000463366508484,-0.6000770926475525,3.075599670410156e-05,0.30000000000000004,0.4,0.2
REP01_E08b,ALLaM-7B,full,family,21,0.65625,5,0.1990293711423874,0.1984398066997528,0.0005895644426345825,-0.6000453233718872,-0.6000851392745972,3.981590270996094e-05,0.30000000000000004,0.4,0.2
REP01_E08b,ALLaM-7B,full,family,22,0.6875,5,0.19823622703552246,0.19753816723823547,0.0006980597972869873,-0.6000506281852722,-0.6001009345054626,5.030632019042969e-05,0.30000000000000004,0.4,0.2
REP01_E08b,ALLaM-7B,full,family,23,0.71875,5,0.17935819923877716,0.1785813271999359,0.0007768720388412476,-0.6000592708587646,-0.6001185178756714,5.924701690673828e-05,0.30000000000000004,0.4,0.2
REP01_E08b,ALLaM-7B,full,family,24,0.75,5,0.17092350125312805,0.16989344358444214,0.001030057668685913,-0.6000772714614868,-0.6001589298248291,8.165836334228516e-05,0.30000000000000004,0.4,0.2
REP01_E08b,ALLaM-7B,full,family,25,0.78125,5,0.1641584187746048,0.16301319003105164,0.0011452287435531616,-0.6001111268997192,-0.600217878818512,0.00010675191879272461,0.30000000000000004,0.4,0.2
REP01_E08b,ALLaM-7B,full,family,26,0.8125,5,0.15061405301094055,0.14918941259384155,0.001424640417098999,-0.6001502871513367,-0.6002973318099976,0.00014704465866088867,0.30000000000000004,0.4,0.2
REP01_E08b,ALLaM-7B,full,family,27,0.84375,5,0.1322716921567917,0.13058868050575256,0.0016830116510391235,-0.6002300977706909,-0.6004183292388916,0.0001882314682006836,0.30000000000000004,0.4,0.2
REP01_E08b,ALLaM-7B,full,family,28,0.875,5,0.14435122907161713,0.14254114031791687,0.0018100887537002563,-0.6003609895706177,-0.6006047129631042,0.00024372339248657227,0.30000000000000004,0.4,0.2
REP01_E08b,ALLaM-7B,full,family,29,0.90625,5,0.14715100824832916,0.14493373036384583,0.0022172778844833374,-0.6005212664604187,-0.6008830070495605,0.0003617405891418457,0.30000000000000004,0.4,0.2
REP01_E08b,ALLaM-7B,full,family,30,0.9375,5,0.15337640047073364,0.1509430855512619,0.0024333149194717407,-0.6007050275802612,-0.6012144684791565,0.0005094408988952637,0.30000000000000004,0.4,0.2
REP01_E08b,ALLaM-7B,full,family,31,0.96875,5,0.21782967448234558,0.213653564453125,0.004176110029220581,-0.6029840111732483,-0.6046594381332397,0.001675426959991455,0.30000000000000004,0.4,0.2
REP01_E08b,ALLaM-7B,full,family,32,1.0,5,0.7373512983322144,0.7043614387512207,0.03298985958099365,-0.5419753193855286,-0.6505306959152222,0.1085553765296936,0.30000000000000004,0.4,0.2
