run_id,model,surface,real_split,layer,normalized_depth,real_template_accuracy,nonce_heldout_accuracy,real_to_nonce_accuracy,nonce_to_real_accuracy,transfer_mean_accuracy,centroid_nearest_accuracy,centroid_alignment_margin,overlap_template_eta2,overlap_source_eta2,source_eta2_on_pc1,token_count_r2_on_pc1,balanced_layer_score
REP01_E03,Qwen3-1.7B,base,item,0,0.0,0.5769230769230769,0.5,0.47,0.36,0.415,0.5,0.2303936779499054,0.04915153044019913,0.01788219482502439,0.14827158537057158,0.037005393507639005,1.1182601347479715
REP01_E03,Qwen3-1.7B,base,item,1,0.03571428571428571,0.8076923076923077,0.85,0.64,0.78,0.71,0.8,0.31614458560943604,0.06579766675671823,0.029297144574112442,0.2890842018066533,0.6648365679852978,1.6306382990389992
REP01_E03,Qwen3-1.7B,base,item,2,0.07142857142857142,0.8076923076923077,0.95,0.7,0.84,0.77,0.5,0.19899538159370422,0.0721052100650222,0.0988872387150695,0.06366315881250784,0.36847776720035286,1.2779887010785467
REP01_E03,Qwen3-1.7B,base,item,3,0.10714285714285714,0.7692307692307693,1.0,0.7,0.84,0.77,0.5,4.659593105316162e-05,0.06780666679855851,0.15794810631704406,0.061298328848752394,0.3676599002490602,1.0201835145517442
REP01_E03,Qwen3-1.7B,base,item,4,0.14285714285714285,0.7692307692307693,1.0,0.7,0.88,0.79,0.5,5.507469177246094e-05,0.0678141535407828,0.15794433222373142,0.061297398157740164,0.3677071991612576,1.0401839426777266
REP01_E03,Qwen3-1.7B,base,item,5,0.17857142857142858,0.7692307692307693,0.95,0.66,0.84,0.75,0.5,6.954371929168701e-05,0.06782582361670013,0.1579267055200427,0.06128836007507737,0.3677137344414428,1.0002144045888883
REP01_E03,Qwen3-1.7B,base,item,6,0.21428571428571427,0.6153846153846154,0.9,0.62,0.78,0.7,0.5,0.00010308623313903809,0.06784783117181138,0.15786715023665404,0.06124988591794213,0.3677239698067365,0.9503049435448009
REP01_E03,Qwen3-1.7B,base,item,7,0.25,0.5769230769230769,0.75,0.61,0.76,0.685,0.5,0.00013421475887298584,0.06787730560741269,0.1578119926689983,0.06121943075943435,0.36769579929331303,0.9353982722665465
REP01_E03,Qwen3-1.7B,base,item,8,0.2857142857142857,0.6153846153846154,0.85,0.65,0.74,0.6950000000000001,0.5,0.0001414269208908081,0.06788984738337,0.15775983104964345,0.06119898782122119,0.3677060074636977,0.9454550940053229
REP01_E03,Qwen3-1.7B,base,item,9,0.32142857142857145,0.5,0.85,0.63,0.68,0.655,0.5,0.00015465915203094482,0.06791970898001495,0.15774461211434823,0.06119349484049917,0.3677452940445202,0.9054737235265528
REP01_E03,Qwen3-1.7B,base,item,10,0.35714285714285715,0.5384615384615384,0.9,0.6,0.7,0.6499999999999999,0.5,0.00023126602172851562,0.06797044093912,0.15766120893720964,0.06116245342315467,0.36782564712778515,0.9006136453025726
REP01_E03,Qwen3-1.7B,base,item,11,0.39285714285714285,0.5384615384615384,0.85,0.61,0.7,0.655,0.5,0.0003406703472137451,0.06799572372531498,0.15756247132009443,0.06114226083749599,0.3678964957964926,0.9058040750779961
REP01_E03,Qwen3-1.7B,base,item,12,0.42857142857142855,0.5384615384615384,0.8,0.6,0.66,0.63,0.5,0.0005996674299240112,0.06798487802653204,0.15739097076023728,0.06107896374443763,0.36786709094601816,0.8812419239331821
REP01_E03,Qwen3-1.7B,base,item,13,0.4642857142857143,0.5,0.75,0.57,0.68,0.625,0.5,0.0006792843341827393,0.06791854727257818,0.1573818044713092,0.06108112595657879,0.36790073763576514,0.8763222954539323
REP01_E03,Qwen3-1.7B,base,item,14,0.5,0.5769230769230769,0.75,0.54,0.72,0.63,0.5,0.0007613897323608398,0.06796472319618738,0.15730072087232236,0.06104698554118277,0.367914298536908,0.8814820942258114
REP01_E03,Qwen3-1.7B,base,item,15,0.5357142857142857,0.5384615384615384,0.75,0.47,0.74,0.605,0.5,0.0009517669677734375,0.06796125497761805,0.15733916045129234,0.061068815879320164,0.36792350439667154,0.8566317304173132
REP01_E03,Qwen3-1.7B,base,item,16,0.5714285714285714,0.5384615384615384,0.75,0.5,0.72,0.61,0.5,0.0011534541845321655,0.06793956297065146,0.15743408122989563,0.06114174804417734,0.3681149901057668,0.8616906254281946
REP01_E03,Qwen3-1.7B,base,item,17,0.6071428571428571,0.5769230769230769,0.8,0.53,0.62,0.575,0.5,0.0031830817461013794,0.06808373660854838,0.1569880337790602,0.06113241780375224,0.3681635301780385,0.8291541654225315
REP01_E03,Qwen3-1.7B,base,item,18,0.6428571428571429,0.6153846153846154,0.75,0.5,0.64,0.5700000000000001,0.5,0.005138993263244629,0.0681690722005534,0.1568876177675805,0.0612508832071785,0.3678558382251804,0.826287415939369
REP01_E03,Qwen3-1.7B,base,item,19,0.6785714285714286,0.5769230769230769,0.7,0.53,0.72,0.625,0.5,0.008448436856269836,0.06816643535357428,0.1551990851533982,0.06045534965052595,0.36623005947071496,0.8866918368351929
REP01_E03,Qwen3-1.7B,base,item,20,0.7142857142857143,0.6153846153846154,0.9,0.65,0.74,0.6950000000000001,0.5,0.015906527638435364,0.06888216066117472,0.15406746240276284,0.0603269667123526,0.3662951022770992,0.9652652896663977
REP01_E03,Qwen3-1.7B,base,item,21,0.75,0.6153846153846154,0.95,0.57,0.76,0.665,0.5,0.024761095643043518,0.0705188836660012,0.14978494614524124,0.05867873907054099,0.36465498497220644,0.9488124032547508
REP01_E03,Qwen3-1.7B,base,item,22,0.7857142857142857,0.6153846153846154,0.9,0.55,0.76,0.655,0.5,0.03899538516998291,0.07212200114589243,0.14151642981084056,0.05454197438000813,0.3608719112858207,0.9622609775376871
REP01_E03,Qwen3-1.7B,base,item,23,0.8214285714285714,0.5769230769230769,0.75,0.54,0.72,0.63,0.5,0.0480121374130249,0.07325127878260115,0.13595451986235849,0.05210924401632795,0.3581222515339531,0.9525270546671781
REP01_E03,Qwen3-1.7B,base,item,24,0.8571428571428571,0.5,0.75,0.5,0.68,0.5900000000000001,0.5,0.06153368949890137,0.0730564120487072,0.13386582342152162,0.05177626177842602,0.35559461664784936,0.9287692119154176
REP01_E03,Qwen3-1.7B,base,item,25,0.8928571428571429,0.5,0.75,0.51,0.72,0.615,0.5,0.072944775223732,0.07304785256303488,0.13383586850317453,0.05303339508606524,0.35287197892642247,0.9658909119889519
REP01_E03,Qwen3-1.7B,base,item,26,0.9285714285714286,0.5,0.85,0.53,0.66,0.595,0.5,0.08207949995994568,0.07172396347835096,0.13144075707020034,0.05241579288035764,0.3477922804862516,0.9586906727681824
REP01_E03,Qwen3-1.7B,base,item,27,0.9642857142857143,0.5384615384615384,0.8,0.52,0.72,0.62,0.5,0.09431396424770355,0.07111880031963086,0.13589534241128892,0.056950945751543594,0.35086100664449316,0.9907033701752914
REP01_E03,Qwen3-1.7B,base,item,28,1.0,0.5769230769230769,0.8,0.48,0.62,0.55,0.5,0.29831844568252563,0.11258203771430905,0.055421741923403364,0.03021986653480067,0.08030882030157518,1.2728194986837285
REP01_E05b,Qwen3-1.7B,full,family,0,0.0,0.4444444444444444,0.5,0.37,0.30666666666666664,0.3383333333333333,0.4,0.14180251955986023,0.039110974004904965,0.020821085234301397,0.02127620822765551,0.0009807506216646202,0.859069580003476
REP01_E05b,Qwen3-1.7B,full,family,1,0.03571428571428571,0.6666666666666666,0.85,0.59,0.5933333333333334,0.5916666666666667,0.7,0.23203444480895996,0.055802919846555145,0.03145706829557652,0.13852540027040844,0.11702680020647045,1.4629873431284324
REP01_E05b,Qwen3-1.7B,full,family,2,0.07142857142857142,0.7361111111111112,0.95,0.68,0.76,0.72,0.5,0.28526771068573,0.0507044088935461,0.03208624301010777,0.010545447446847598,0.22277254314395456,1.4174883318896334
REP01_E05b,Qwen3-1.7B,full,family,3,0.10714285714285714,0.7777777777777778,1.0,0.8,0.7866666666666666,0.7933333333333333,0.5,0.00024628639221191406,0.02941929092747599,0.03356248028021525,0.00977423414215752,0.22131441189910753,1.2046885364705533
REP01_E05b,Qwen3-1.7B,full,family,4,0.14285714285714285,0.9027777777777778,1.0,0.75,0.8066666666666666,0.7783333333333333,0.4,0.0003012418746948242,0.029425578305696906,0.0335515121589214,0.009768996175943867,0.22137776348469,1.0897386221779342
REP01_E05b,Qwen3-1.7B,full,family,5,0.17857142857142858,0.8611111111111112,0.95,0.68,0.74,0.71,0.4,0.0004079490900039673,0.029430586728894273,0.03354885297369702,0.009764851277477187,0.22141446170791687,1.0215054806893278
REP01_E05b,Qwen3-1.7B,full,family,6,0.21428571428571427,0.8055555555555556,0.9,0.65,0.6933333333333334,0.6716666666666666,0.4,0.0005564689636230469,0.029443630419331342,0.033500118080689895,0.009740660099811994,0.22148534215073004,0.9833516820119174
REP01_E05b,Qwen3-1.7B,full,family,7,0.25,0.8055555555555556,0.75,0.66,0.72,0.69,0.5,0.0006933808326721191,0.029464505288927894,0.0334456008983802,0.009716300357416354,0.22151430562104443,1.101869203529031
REP01_E05b,Qwen3-1.7B,full,family,8,0.2857142857142857,0.7638888888888888,0.85,0.67,0.7466666666666667,0.7083333333333334,0.4,0.0007774531841278076,0.029490391644562148,0.03341599077626231,0.009705951659189714,0.2215390120577705,1.0203100427267562
REP01_E05b,Qwen3-1.7B,full,family,9,0.32142857142857145,0.7361111111111112,0.85,0.66,0.68,0.67,0.4,0.0009187161922454834,0.029516426591646404,0.03339064218623104,0.009695330112736203,0.22161173175238094,0.9821251410679191
REP01_E05b,Qwen3-1.7B,full,family,10,0.35714285714285715,0.7638888888888888,0.9,0.63,0.66,0.645,0.4,0.0012462586164474487,0.02955295551809536,0.03333575000004809,0.00967121063538547,0.22175705413030752,0.9574712450838223
REP01_E05b,Qwen3-1.7B,full,family,11,0.39285714285714285,0.7083333333333334,0.85,0.56,0.6666666666666666,0.6133333333333333,0.4,0.0017305612564086914,0.02959700366818428,0.03329414317925019,0.009655736138559535,0.22189075473904987,0.9262970627257292
REP01_E05b,Qwen3-1.7B,full,family,12,0.42857142857142855,0.7222222222222222,0.8,0.62,0.6333333333333333,0.6266666666666667,0.5,0.0028842389583587646,0.029588263505442365,0.03316792274665028,0.009598724094367055,0.22201426681017677,1.040879416175831
REP01_E05b,Qwen3-1.7B,full,family,13,0.4642857142857143,0.6666666666666666,0.75,0.58,0.6266666666666667,0.6033333333333333,0.4,0.0031253844499588013,0.029526232330222054,0.03318038308203549,0.009600650585327315,0.22205651865356268,0.917764205037866
REP01_E05b,Qwen3-1.7B,full,family,14,0.5,0.6944444444444444,0.75,0.55,0.64,0.595,0.5,0.003491312265396118,0.029578622841122143,0.0331631121232213,0.00958884735240629,0.22204467238817255,1.0098170320451318
REP01_E05b,Qwen3-1.7B,full,family,15,0.5357142857142857,0.6666666666666666,0.75,0.57,0.6266666666666667,0.5983333333333334,0.4,0.004474610090255737,0.029594807875889695,0.033211483431578044,0.009599453686922707,0.22211067953658012,0.9140687901078661
REP01_E05b,Qwen3-1.7B,full,family,16,0.5714285714285714,0.6527777777777778,0.75,0.57,0.6,0.585,0.4,0.005528926849365234,0.02961925236656249,0.03325274696827567,0.009620085217879052,0.22228442714917818,0.901705073093795
REP01_E05b,Qwen3-1.7B,full,family,17,0.6071428571428571,0.6666666666666666,0.8,0.59,0.5733333333333334,0.5816666666666667,0.4,0.013848364353179932,0.029865751391075668,0.033281903888298554,0.009632520729492404,0.22209095767253714,0.9067103877134138
REP01_E05b,Qwen3-1.7B,full,family,18,0.6428571428571429,0.6805555555555556,0.75,0.59,0.5733333333333334,0.5816666666666667,0.4,0.021275848150253296,0.03015863816612408,0.033562647606348216,0.009769276568435643,0.22139189401019743,0.9140318937080224
REP01_E05b,Qwen3-1.7B,full,family,19,0.6785714285714286,0.6805555555555556,0.7,0.59,0.6266666666666667,0.6083333333333334,0.4,0.03353273868560791,0.030365734906114026,0.033076248764189915,0.009549187191663084,0.21999310260707206,0.9537915476029832
REP01_E05b,Qwen3-1.7B,full,family,20,0.7142857142857143,0.75,0.9,0.65,0.6533333333333333,0.6516666666666666,0.4,0.062220990657806396,0.031429950930124156,0.03321151946917576,0.009463818362075438,0.22072898858361192,1.0254938907093945
REP01_E05b,Qwen3-1.7B,full,family,21,0.75,0.7638888888888888,0.95,0.63,0.6866666666666666,0.6583333333333333,0.4,0.08596073091030121,0.033340733296131714,0.0320365431427784,0.008800050175346675,0.21997066647822364,1.0572648544813001
REP01_E05b,Qwen3-1.7B,full,family,22,0.7857142857142857,0.7361111111111112,0.9,0.61,0.66,0.635,0.6000000000000001,0.1227843314409256,0.03517189196026251,0.028141877193409416,0.0067815354371214805,0.2195744573821417,1.2747488399019808
REP01_E05b,Qwen3-1.7B,full,family,23,0.8214285714285714,0.6805555555555556,0.75,0.56,0.6466666666666666,0.6033333333333333,0.6000000000000001,0.1412171721458435,0.037575062555066936,0.026544553950571075,0.005853423464865696,0.21879045647089668,1.2633083374108816
REP01_E05b,Qwen3-1.7B,full,family,24,0.8571428571428571,0.6388888888888888,0.75,0.55,0.64,0.595,0.6000000000000001,0.16701985895633698,0.0380670506968675,0.026295701389914272,0.0054626618269095605,0.2181329617005202,1.2811909171412927
REP01_E05b,Qwen3-1.7B,full,family,25,0.8928571428571429,0.625,0.75,0.58,0.6533333333333333,0.6166666666666667,0.6000000000000001,0.1879977583885193,0.03859647929266911,0.02791081831882904,0.005963531612990966,0.2139805430620084,1.323258470970855
REP01_E05b,Qwen3-1.7B,full,family,26,0.9285714285714286,0.6111111111111112,0.85,0.55,0.6533333333333333,0.6016666666666667,0.6000000000000001,0.19959142804145813,0.03839238556099691,0.02899153665134999,0.006211412570404853,0.2073445007680474,1.320430432864763
REP01_E05b,Qwen3-1.7B,full,family,27,0.9642857142857143,0.5972222222222222,0.8,0.58,0.6333333333333333,0.6066666666666667,0.5,0.2174292355775833,0.04037231139374618,0.03381547755829496,0.008262314212990918,0.20583914152067834,1.2388206393057855
REP01_E05b,Qwen3-1.7B,full,family,28,1.0,0.6111111111111112,0.8,0.52,0.62,0.5700000000000001,0.5,0.31725412607192993,0.0988308850992584,0.06797235541606594,0.08173150564681317,0.03155998682104177,1.3113917739506038
REP01_E06,Qwen3-8B,base,item,0,0.0,0.5769230769230769,0.45,0.44,0.58,0.51,0.5,0.25285306572914124,0.048533515211188684,0.01886056549639396,0.14941262299947922,0.05443014283145677,1.230384964524883
REP01_E06,Qwen3-8B,base,item,1,0.027777777777777776,0.7307692307692307,0.75,0.59,0.8,0.6950000000000001,0.7,0.4655982255935669,0.08588077304137838,0.03244379513081028,0.2147115562223689,0.11796819474931444,1.798662381775428
REP01_E06,Qwen3-8B,base,item,2,0.05555555555555555,0.8846153846153846,0.95,0.73,0.96,0.845,0.7,0.41982394456863403,0.09007926042288468,0.05802566124972899,0.10554870110895229,0.4409883875788255,1.7965511864241985
REP01_E06,Qwen3-8B,base,item,3,0.08333333333333333,0.8846153846153846,0.95,0.78,0.98,0.88,0.7,0.3898093104362488,0.09007846188907048,0.07326550279078486,0.09608201833824408,0.4145713463256161,1.79290097106406
REP01_E06,Qwen3-8B,base,item,4,0.1111111111111111,0.9230769230769231,0.95,0.86,0.88,0.87,0.8,0.4772278666496277,0.11809223288564497,0.06723187365672452,0.09062067929622966,0.4186247952701347,1.9753397941753696
REP01_E06,Qwen3-8B,base,item,5,0.1388888888888889,0.9615384615384616,0.95,0.87,0.96,0.915,0.7,0.47303667664527893,0.10257737269702563,0.05164102223948434,0.07798824094454836,0.4330254918165888,1.9281392814516474
REP01_E06,Qwen3-8B,base,item,6,0.16666666666666666,0.8461538461538461,0.95,0.83,0.88,0.855,1.0,0.523018479347229,0.10110108599520656,0.0328756180248503,0.1477059148904504,0.39013290797838035,2.247609634327784
REP01_E06,Qwen3-8B,base,item,7,0.19444444444444445,0.7307692307692307,0.95,0.74,0.86,0.8,0.5,0.0001471787691116333,0.06514446164163437,0.15739065393097326,0.0610420700425606,0.36622781336694116,1.051199571496403
REP01_E06,Qwen3-8B,base,item,8,0.2222222222222222,0.7307692307692307,1.0,0.69,0.74,0.715,0.5,0.00014191865921020508,0.06514594900871787,0.15742613596483174,0.061069418998326824,0.3663001470427535,0.96614074593369
REP01_E06,Qwen3-8B,base,item,9,0.25,0.7307692307692307,1.0,0.7,0.84,0.77,0.5,0.0001496821641921997,0.0651816103557925,0.15740124290432214,0.061061328124649816,0.3663803138632995,1.0211533607940453
REP01_E06,Qwen3-8B,base,item,10,0.2777777777777778,0.7307692307692307,1.0,0.64,0.88,0.76,0.5,0.00016883015632629395,0.06521483144525492,0.15738716254844973,0.06104761536704209,0.3663771875356302,1.011187370723969
REP01_E06,Qwen3-8B,base,item,11,0.3055555555555556,0.6923076923076923,1.0,0.64,0.78,0.71,0.5,0.00018155574798583984,0.0652386947065395,0.15733379669897826,0.06100753610550001,0.36632419124778043,0.9612667112370624
REP01_E06,Qwen3-8B,base,item,12,0.3333333333333333,0.6538461538461539,0.85,0.63,0.72,0.675,0.5,0.0001840740442276001,0.06525524987760667,0.15738851617748195,0.0610475584401281,0.36636729341161645,0.9262037345138416
REP01_E06,Qwen3-8B,base,item,13,0.3611111111111111,0.5769230769230769,0.85,0.62,0.7,0.6599999999999999,0.5,0.00018672645092010498,0.06521731297543995,0.15732527027243118,0.06100685461022234,0.36625893453886893,0.9112967225437716
REP01_E06,Qwen3-8B,base,item,14,0.3888888888888889,0.5769230769230769,0.8,0.63,0.66,0.645,0.5,0.00020489096641540527,0.06520568293606126,0.1574160402484798,0.06106390209331475,0.36636353038374714,0.8961979681219989
REP01_E06,Qwen3-8B,base,item,15,0.4166666666666667,0.46153846153846156,0.75,0.64,0.7,0.6699999999999999,0.5,0.0002103745937347412,0.06521212259895277,0.15737602901449024,0.0610343125229073,0.3663698031186975,0.92124189479957
REP01_E06,Qwen3-8B,base,item,16,0.4444444444444444,0.5,0.75,0.65,0.66,0.655,0.5,0.00023131072521209717,0.06522225690887423,0.1573690274944678,0.061034501279880846,0.366368712694971,0.9062701050570016
REP01_E06,Qwen3-8B,base,item,17,0.4722222222222222,0.5,0.8,0.62,0.66,0.64,0.5,0.00022624433040618896,0.06531524572903935,0.15745078374009103,0.06107761912371614,0.3664988318454071,0.8911507526289635
REP01_E06,Qwen3-8B,base,item,18,0.5,0.5,0.8,0.63,0.68,0.655,0.5,0.0002528727054595947,0.0652837331930833,0.15744776471115446,0.06106759393689855,0.3664499091802448,0.9061926306992439
REP01_E06,Qwen3-8B,base,item,19,0.5277777777777778,0.5384615384615384,0.85,0.61,0.66,0.635,0.5,0.00029090046882629395,0.06522697108349268,0.1575082467831344,0.061121240662214325,0.36647224873947093,0.8861645915008243
REP01_E06,Qwen3-8B,base,item,20,0.5555555555555556,0.5384615384615384,0.9,0.66,0.64,0.65,0.5,0.0003722161054611206,0.06513188602567874,0.15774365413141644,0.06128712734165507,0.3665667127041917,0.9009868837979966
REP01_E06,Qwen3-8B,base,item,21,0.5833333333333334,0.5384615384615384,0.9,0.68,0.62,0.65,0.5,0.0004376918077468872,0.06514912358805881,0.15762591756981895,0.061227938951661724,0.36653999238577006,0.9011767761414854
REP01_E06,Qwen3-8B,base,item,22,0.6111111111111112,0.5769230769230769,0.95,0.7,0.62,0.6599999999999999,0.5,0.0005309730768203735,0.06518261209790512,0.1575861597574903,0.06122132330901586,0.3665915505887859,0.9112969256721335
REP01_E06,Qwen3-8B,base,item,23,0.6388888888888888,0.6538461538461539,0.9,0.68,0.6,0.64,0.5,0.0007844716310501099,0.06518726070148455,0.15734728292086395,0.06111525023692627,0.366449335147656,0.8918248549232722
REP01_E06,Qwen3-8B,base,item,24,0.6666666666666666,0.6153846153846154,0.9,0.68,0.62,0.65,0.5,0.0012771189212799072,0.0651834683401043,0.15725486802802238,0.061065072590222196,0.366261969356858,0.902456758554043
REP01_E06,Qwen3-8B,base,item,25,0.6944444444444444,0.6153846153846154,0.9,0.7,0.66,0.6799999999999999,0.5,0.001992523670196533,0.06535972266137709,0.1566908438267984,0.060814389646493876,0.36591200049173295,0.9338236797204648
REP01_E06,Qwen3-8B,base,item,26,0.7222222222222222,0.6153846153846154,0.9,0.66,0.62,0.64,0.5,0.002497553825378418,0.06571120648394316,0.15605246428823613,0.06046563724868071,0.36585771375406556,0.894980661098626
REP01_E06,Qwen3-8B,base,item,27,0.75,0.6153846153846154,0.9,0.64,0.62,0.63,0.5,0.003203868865966797,0.06612619294889995,0.15530891114886988,0.06000440211938341,0.36560969957754924,0.8864925328227095
REP01_E06,Qwen3-8B,base,item,28,0.7777777777777778,0.5769230769230769,0.9,0.64,0.6,0.62,0.5,0.0039025694131851196,0.06629468929172208,0.15500566432731228,0.05983674796102057,0.3656357016930187,0.8774879796626183
REP01_E06,Qwen3-8B,base,item,29,0.8055555555555556,0.5769230769230769,0.95,0.65,0.66,0.655,0.5,0.004732668399810791,0.06645977353190538,0.1542536091496728,0.05928034847835727,0.3648593363572606,0.9142642251608227
REP01_E06,Qwen3-8B,base,item,30,0.8333333333333334,0.5384615384615384,0.95,0.63,0.6,0.615,0.5,0.006091669201850891,0.06655907795332668,0.15366921294742636,0.05901772073174224,0.36446331293102485,0.8763066280216683
REP01_E06,Qwen3-8B,base,item,31,0.8611111111111112,0.5384615384615384,0.95,0.63,0.62,0.625,0.4,0.00882229208946228,0.066649054427157,0.15322489430253625,0.05881208242102407,0.3643888207003113,0.7895001926118481
REP01_E06,Qwen3-8B,base,item,32,0.8888888888888888,0.5,0.95,0.64,0.62,0.63,0.4,0.010299012064933777,0.06651902546918179,0.1537019741173531,0.059249015673769896,0.36449872590695837,0.7954723564708411
REP01_E06,Qwen3-8B,base,item,33,0.9166666666666666,0.5,1.0,0.63,0.62,0.625,0.4,0.012012332677841187,0.06646097140419985,0.15409041228750284,0.05958709367082203,0.36490380232391023,0.7916959698093606
REP01_E06,Qwen3-8B,base,item,34,0.9444444444444444,0.5384615384615384,1.0,0.64,0.62,0.63,0.4,0.013737678527832031,0.0658979793362704,0.15507712657131836,0.06032990068366485,0.3650793265006927,0.7973907203313405
REP01_E06,Qwen3-8B,base,item,35,0.9722222222222222,0.5384615384615384,0.95,0.67,0.7,0.685,0.4,0.029428288340568542,0.06358215448922079,0.15963099376249484,0.0659606493745512,0.36808679510520925,0.8627755958017713
REP01_E06,Qwen3-8B,base,item,36,1.0,0.5384615384615384,0.9,0.59,0.56,0.575,0.30000000000000004,0.1395605504512787,0.09975572253657752,0.08374107183335333,0.029298846372764777,0.2938427070279492,0.857358801860938
REP01_E06b,Qwen3-8B,full,family,0,0.0,0.4861111111111111,0.45,0.39,0.4266666666666667,0.4083333333333333,0.4,0.15562526881694794,0.03865443181533056,0.02386502334517881,0.11430004954714221,0.0782538699919366,0.9205301113071184
REP01_E06b,Qwen3-8B,full,family,1,0.027777777777777776,0.7222222222222222,0.75,0.6,0.7,0.6499999999999999,0.7,0.3816335201263428,0.07042898286672507,0.032264429673309315,0.14739103774041692,0.07174713970646757,1.6814323055264164
REP01_E06b,Qwen3-8B,full,family,2,0.05555555555555555,0.8611111111111112,0.95,0.73,0.8266666666666667,0.7783333333333333,0.8,0.4054005742073059,0.07612291417071076,0.0367438042108719,0.02774928840287909,0.28636295325947303,1.8753993650148992
REP01_E06b,Qwen3-8B,full,family,3,0.08333333333333333,0.875,0.95,0.76,0.8733333333333333,0.8166666666666667,0.8,0.4060041010379791,0.076403772679149,0.03858094083993039,0.02290867365435913,0.26325433268593934,1.9182762436932306
REP01_E06b,Qwen3-8B,full,family,4,0.1111111111111111,0.9027777777777778,0.95,0.85,0.84,0.845,0.9,0.5109769105911255,0.10195049440886916,0.04040830411165007,0.014105354779799946,0.2629822286277137,2.1498230493225474
REP01_E06b,Qwen3-8B,full,family,5,0.1388888888888889,0.8888888888888888,0.95,0.86,0.9066666666666666,0.8833333333333333,0.9,0.49562132358551025,0.09176782003666495,0.04086374875994994,0.040523171030945965,0.20399203662778526,2.1870928990019474
REP01_E06b,Qwen3-8B,full,family,6,0.16666666666666666,0.9305555555555556,0.95,0.89,0.8866666666666667,0.8883333333333334,0.9,0.4985044300556183,0.09150718999965596,0.03717782673021701,0.22663670154861998,9.506527205528586e-05,2.249636170340721
REP01_E06b,Qwen3-8B,full,family,7,0.19444444444444445,0.9166666666666666,0.95,0.84,0.88,0.86,0.4,0.0005564093589782715,0.030003994966326313,0.03341056186276266,0.009723405771642513,0.22045833693274955,1.172031263263028
REP01_E06b,Qwen3-8B,full,family,8,0.2222222222222222,0.9027777777777778,1.0,0.81,0.84,0.825,0.4,0.0005705952644348145,0.03000478505217989,0.03343362662766094,0.009733077790220045,0.2205239888279753,1.1370059714297802
REP01_E06b,Qwen3-8B,full,family,9,0.25,0.9027777777777778,1.0,0.78,0.8866666666666667,0.8333333333333334,0.4,0.0006531327962875366,0.03002969502242663,0.033421071572556305,0.009724777161126096,0.2206158551832643,1.1454114307612486
REP01_E06b,Qwen3-8B,full,family,10,0.2777777777777778,0.875,1.0,0.77,0.8666666666666667,0.8183333333333334,0.4,0.0007071048021316528,0.030057374132343394,0.03339440652688938,0.009712622149586781,0.22065315663005836,1.1304827424510608
REP01_E06b,Qwen3-8B,full,family,11,0.3055555555555556,0.8333333333333334,1.0,0.72,0.8333333333333334,0.7766666666666666,0.4,0.0007747113704681396,0.030066009062447562,0.03332838018724747,0.009681745279064234,0.2206548426118185,1.0889492871969328
REP01_E06b,Qwen3-8B,full,family,12,0.3333333333333333,0.8194444444444444,0.85,0.71,0.7533333333333333,0.7316666666666667,0.4,0.000796198844909668,0.03007466207919115,0.03335089745653425,0.00969412175452695,0.22068102699940187,1.0439417113051919
REP01_E06b,Qwen3-8B,full,family,13,0.3611111111111111,0.8194444444444444,0.85,0.71,0.7533333333333333,0.7316666666666667,0.4,0.0008300095796585083,0.030052824700786615,0.03333595909513808,0.009686650695820908,0.22055423032798452,1.0440221595691912
REP01_E06b,Qwen3-8B,full,family,14,0.3888888888888889,0.8055555555555556,0.8,0.69,0.68,0.685,0.4,0.0008965730667114258,0.030046938063913724,0.0333538468734077,0.009696033902085174,0.22068495895910076,0.9973714864535284
REP01_E06b,Qwen3-8B,full,family,15,0.4166666666666667,0.7916666666666666,0.75,0.69,0.6933333333333334,0.6916666666666667,0.4,0.0009135901927947998,0.03004219401781199,0.03330334096923371,0.009670734863684449,0.22075942096549403,1.0040870606488543
REP01_E06b,Qwen3-8B,full,family,16,0.4444444444444444,0.7638888888888888,0.75,0.7,0.6333333333333333,0.6666666666666666,0.4,0.0010004490613937378,0.03006885072984379,0.03330811127622893,0.009673012711961304,0.22075858235461868,0.9791693588631767
REP01_E06b,Qwen3-8B,full,family,17,0.4722222222222222,0.7222222222222222,0.8,0.69,0.5933333333333334,0.6416666666666666,0.4,0.000975489616394043,0.0300363181972314,0.03334065108127128,0.009688981020767306,0.2208386093436203,0.9540918528658843
REP01_E06b,Qwen3-8B,full,family,18,0.5,0.7083333333333334,0.8,0.68,0.56,0.6200000000000001,0.4,0.0010720938444137573,0.030000667967213717,0.03334229078684616,0.009688635032636592,0.22078853624708203,0.9325326689957971
REP01_E06b,Qwen3-8B,full,family,19,0.5277777777777778,0.7083333333333334,0.85,0.66,0.6066666666666667,0.6333333333333333,0.4,0.0012297630310058594,0.029950540867874426,0.03339805141991696,0.009714203353818594,0.2208109789390134,0.9459623002096686
REP01_E06b,Qwen3-8B,full,family,20,0.5555555555555556,0.75,0.9,0.69,0.64,0.665,0.4,0.001620754599571228,0.02991367102453069,0.033557322695690436,0.00979517205195691,0.2207768386295845,0.9778692222464846
REP01_E06b,Qwen3-8B,full,family,21,0.5833333333333334,0.75,0.9,0.7,0.5866666666666667,0.6433333333333333,0.4,0.0018933117389678955,0.02993333458490205,0.033483906372558124,0.00976467723125119,0.22078956199490787,0.9565453482010163
REP01_E06b,Qwen3-8B,full,family,22,0.6111111111111112,0.75,0.95,0.72,0.6666666666666666,0.6933333333333334,0.4,0.002283826470375061,0.02996837989122614,0.033479713609341405,0.009759442888001797,0.22082679251668072,1.0069307480651968
REP01_E06b,Qwen3-8B,full,family,23,0.6388888888888888,0.7222222222222222,0.9,0.76,0.6133333333333333,0.6866666666666666,0.4,0.003313899040222168,0.030038160191691064,0.03342421846928454,0.009732156649587147,0.22068464184373215,1.0013851867766712
REP01_E06b,Qwen3-8B,full,family,24,0.6666666666666666,0.7638888888888888,0.9,0.71,0.6333333333333333,0.6716666666666666,0.4,0.0052299946546554565,0.030082283646716095,0.033441310967026475,0.009725392918501993,0.22049688695900072,0.9883311286145456
REP01_E06b,Qwen3-8B,full,family,25,0.6944444444444444,0.7777777777777778,0.9,0.78,0.6666666666666666,0.7233333333333334,0.4,0.007902368903160095,0.03023035621386986,0.033235448854463216,0.009621047023517468,0.22024043377424538,1.042940144938469
REP01_E06b,Qwen3-8B,full,family,26,0.7222222222222222,0.7222222222222222,0.9,0.78,0.6533333333333333,0.7166666666666667,0.4,0.009598806500434875,0.030505307636825067,0.03286691001220478,0.009433128708226338,0.2204646642830998,1.038282397084122
REP01_E06b,Qwen3-8B,full,family,27,0.75,0.7083333333333334,0.9,0.73,0.6666666666666666,0.6983333333333333,0.4,0.011725828051567078,0.03078272129009488,0.032402954712934175,0.009157308372449543,0.22068566612930735,1.0224847901396392
REP01_E06b,Qwen3-8B,full,family,28,0.7777777777777778,0.6944444444444444,0.9,0.72,0.6733333333333333,0.6966666666666667,0.4,0.014288380742073059,0.030844695541675314,0.03223744483052669,0.009037694367135841,0.22081897819666074,1.0235128580290478
REP01_E06b,Qwen3-8B,full,family,29,0.8055555555555556,0.6666666666666666,0.95,0.67,0.7,0.685,0.4,0.017282038927078247,0.030993468219145025,0.031873106060275845,0.008813926614986794,0.22038737331060057,1.015312089539152
REP01_E06b,Qwen3-8B,full,family,30,0.8333333333333334,0.6527777777777778,0.95,0.69,0.6266666666666667,0.6583333333333333,0.4,0.02149982750415802,0.031036066746949618,0.031570530060865604,0.008620357644015203,0.22027211695080137,0.9931946015389255
REP01_E06b,Qwen3-8B,full,family,31,0.8611111111111112,0.6527777777777778,0.95,0.69,0.6666666666666666,0.6783333333333332,0.4,0.029445990920066833,0.031169855595056258,0.031308481171319846,0.008349698789295193,0.22073872644727469,1.0212861614702615
REP01_E06b,Qwen3-8B,full,family,32,0.8888888888888888,0.6527777777777778,0.95,0.7,0.6733333333333333,0.6866666666666666,0.4,0.03235501050949097,0.03111419334024594,0.032068708340484,0.008695440960247647,0.21982577994886,1.0319965238484585
REP01_E06b,Qwen3-8B,full,family,33,0.9166666666666666,0.6527777777777778,1.0,0.67,0.66,0.665,0.4,0.038514479994773865,0.030962980139541085,0.03225778828541026,0.008579870552183014,0.220658267610844,1.0160921248066526
REP01_E06b,Qwen3-8B,full,family,34,0.9444444444444444,0.6805555555555556,1.0,0.67,0.6333333333333333,0.6516666666666666,0.4,0.04237663745880127,0.030832487377280872,0.03353298526140017,0.009085676459715407,0.219489108225855,1.005638041807604
REP01_E06b,Qwen3-8B,full,family,35,0.9722222222222222,0.6805555555555556,0.95,0.62,0.6666666666666666,0.6433333333333333,0.4,0.07477298378944397,0.03082015965792231,0.04150915567666481,0.012816468179102676,0.21453743832768904,1.0229628018641903
REP01_E06b,Qwen3-8B,full,family,36,1.0,0.6527777777777778,0.9,0.63,0.5666666666666667,0.5983333333333334,0.6,0.22619202733039856,0.07370768587034848,0.06988641741507656,0.011007312294375219,0.16953866549474808,1.312254276874968
REP01_E07,Fanar-1-9B,base,item,0,0.0,0.5384615384615384,0.45,0.47,0.38,0.425,0.5,0.19460470974445343,0.05214267364220368,0.02879137750698542,0.2806140123627863,0.3321549880694434,1.0077745852201072
REP01_E07,Fanar-1-9B,base,item,1,0.023809523809523808,0.5,0.6,0.49,0.54,0.515,0.7,0.2080005407333374,0.0507921079903321,0.02596658539214812,0.30073429060863477,0.14421341628560855,1.3609806012697871
REP01_E07,Fanar-1-9B,base,item,2,0.047619047619047616,0.5769230769230769,0.95,0.43,0.74,0.585,0.7,0.23437140882015228,0.05311889247791052,0.02832360228700902,0.3670903521871728,0.27153936224083114,1.4231629659729355
REP01_E07,Fanar-1-9B,base,item,3,0.07142857142857142,0.7307692307692307,1.0,0.49,0.84,0.665,0.8,0.3049887716770172,0.05952540975158416,0.02800172814057566,0.542719710492237,0.4412513895054098,1.6316741961600894
REP01_E07,Fanar-1-9B,base,item,4,0.09523809523809523,0.8076923076923077,1.0,0.76,0.9,0.8300000000000001,1.0,0.402270644903183,0.0732467622567467,0.026065726191051884,0.62274485625869,0.5554910142640134,2.067332165146128
REP01_E07,Fanar-1-9B,base,item,5,0.11904761904761904,0.8846153846153846,1.0,0.82,0.94,0.8799999999999999,1.0,0.47327500581741333,0.09121212734791137,0.029145728102494287,0.1244503282278018,0.23445529744941745,2.2655154533525645
REP01_E07,Fanar-1-9B,base,item,6,0.14285714285714285,0.8076923076923077,0.95,0.77,0.92,0.845,1.0,0.4691630005836487,0.09810917963550683,0.038439746910013256,0.4199688609017228,0.37805197837546506,2.181210259079769
REP01_E07,Fanar-1-9B,base,item,7,0.16666666666666666,0.8461538461538461,0.95,0.67,0.9,0.785,1.0,0.42120128870010376,0.09764351639048231,0.04997668652145337,0.6784189942337244,0.3470001222240373,2.0694745716226413
REP01_E07,Fanar-1-9B,base,item,8,0.19047619047619047,0.8461538461538461,0.95,0.65,0.92,0.785,1.0,0.38040903210639954,0.09356914120964148,0.056493412524091347,0.6661501376770664,0.3358072071596887,2.024963817792386
REP01_E07,Fanar-1-9B,base,item,9,0.21428571428571427,0.8076923076923077,0.9,0.61,0.88,0.745,1.0,0.3394225239753723,0.08844082097036451,0.06735174342006557,0.6963288346324459,0.2861692576378337,1.9455284661458485
REP01_E07,Fanar-1-9B,base,item,10,0.23809523809523808,0.8076923076923077,0.85,0.61,0.9,0.755,1.0,0.34775274991989136,0.09107185262187271,0.06460511916000047,0.6947011651056815,0.34409836924850007,1.952123038447766
REP01_E07,Fanar-1-9B,base,item,11,0.2619047619047619,0.7692307692307693,0.8,0.58,0.84,0.71,1.0,0.3297809362411499,0.08905925442897661,0.06658504719888597,0.688631780972358,0.3961542605907708,1.8741573238945712
REP01_E07,Fanar-1-9B,base,item,12,0.2857142857142857,0.7692307692307693,0.8,0.59,0.92,0.755,1.0,0.33831143379211426,0.0948342384901885,0.06981830233980443,0.7399583359574796,0.3927082662100624,1.925316064899794
REP01_E07,Fanar-1-9B,base,item,13,0.30952380952380953,0.7692307692307693,0.6,0.57,0.94,0.7549999999999999,1.0,0.33363938331604004,0.09904668878655849,0.07058965193693753,0.7620766782861094,0.36577615036566824,1.9266056937876854
REP01_E07,Fanar-1-9B,base,item,14,0.3333333333333333,0.7307692307692307,0.55,0.53,0.88,0.7050000000000001,0.9,0.30171650648117065,0.09452866624341605,0.07469507518591428,0.7121835115505739,0.37260751738805725,1.738869551948242
REP01_E07,Fanar-1-9B,base,item,15,0.35714285714285715,0.7692307692307693,0.6,0.52,0.84,0.6799999999999999,0.7,0.2553943395614624,0.08918012178228438,0.07589235716547418,0.5731007954570463,0.38667894593751556,1.4628322459116092
REP01_E07,Fanar-1-9B,base,item,16,0.38095238095238093,0.7692307692307693,0.55,0.47,0.74,0.605,0.7,0.2489645779132843,0.08697261982699142,0.07798416776699757,0.7549447469491571,0.36359294939732506,1.3850821727969553
REP01_E07,Fanar-1-9B,base,item,17,0.40476190476190477,0.7692307692307693,0.6,0.46,0.78,0.62,0.7,0.24096712470054626,0.0820500237217301,0.07676533715964022,0.7285039009445197,0.324263309597757,1.4031359601414666
REP01_E07,Fanar-1-9B,base,item,18,0.42857142857142855,0.8076923076923077,0.55,0.44,0.76,0.6,0.7,0.250064879655838,0.0807825920547916,0.07788752710352956,0.6569729878539137,0.26983250561601485,1.4047192261483046
REP01_E07,Fanar-1-9B,base,item,19,0.4523809523809524,0.7307692307692307,0.45,0.46,0.72,0.59,0.7,0.2521018385887146,0.08235828149074569,0.07877499859895534,0.6700138422174261,0.3209013864501865,1.3831014933772126
REP01_E07,Fanar-1-9B,base,item,20,0.47619047619047616,0.7692307692307693,0.55,0.45,0.74,0.595,0.7,0.25460579991340637,0.08137726426358508,0.0789389390860016,0.5676818229447276,0.2851891157686704,1.3993695818852372
REP01_E07,Fanar-1-9B,base,item,21,0.5,0.8076923076923077,0.5,0.45,0.74,0.595,0.7,0.2502816617488861,0.08083813310867595,0.08108253497454669,0.5470205271541734,0.2301358945481292,1.406665153137307
REP01_E07,Fanar-1-9B,base,item,22,0.5238095238095238,0.7307692307692307,0.45,0.44,0.82,0.63,0.6,0.24257001280784607,0.08213196840525476,0.09242359268238659,0.5757856736983986,0.21267015986499244,1.3269788801592113
REP01_E07,Fanar-1-9B,base,item,23,0.5476190476190477,0.7307692307692307,0.5,0.43,0.8,0.615,0.6,0.2541238069534302,0.09056087372366241,0.09310096496891178,0.6306966606714777,0.19964736267377872,1.3261110013160735
REP01_E07,Fanar-1-9B,base,item,24,0.5714285714285714,0.7307692307692307,0.5,0.44,0.76,0.6,0.6,0.26723426580429077,0.09991012683485294,0.0955001550737765,0.570174452486257,0.12197524834228625,1.3412402986449428
REP01_E07,Fanar-1-9B,base,item,25,0.5952380952380952,0.7692307692307693,0.55,0.46,0.84,0.65,0.7,0.2998563349246979,0.1065674986279996,0.09890769628033827,0.5709297761071335,0.10807697486336171,1.523929394928519
REP01_E07,Fanar-1-9B,base,item,26,0.6190476190476191,0.7692307692307693,0.6,0.5,0.86,0.6799999999999999,0.7,0.293379545211792,0.10800246507793576,0.10578113027990196,0.5550194442881257,0.10162846097163813,1.5421912996889804
REP01_E07,Fanar-1-9B,base,item,27,0.6428571428571429,0.7692307692307693,0.75,0.5,0.84,0.6699999999999999,0.6,0.2961796820163727,0.11048288579426138,0.10689967334048937,0.6420769958932153,0.1612151791503155,1.4189762138883044
REP01_E07,Fanar-1-9B,base,item,28,0.6666666666666666,0.7692307692307693,0.95,0.58,0.94,0.76,0.8,0.34190720319747925,0.11682171478930875,0.10191096785616857,0.590633751850248,0.0998809396142075,1.775026000437759
REP01_E07,Fanar-1-9B,base,item,29,0.6904761904761905,0.8076923076923077,0.9,0.63,0.92,0.775,0.8,0.33799800276756287,0.11294106241535559,0.10042884227123741,0.5492135134290826,0.08648329415528345,1.7909483369575048
REP01_E07,Fanar-1-9B,base,item,30,0.7142857142857143,0.8076923076923077,0.95,0.67,0.86,0.765,0.7,0.3291313946247101,0.10944355311235897,0.09432859747382608,0.6452380961632013,0.15590515025523397,1.6608265095870753
REP01_E07,Fanar-1-9B,base,item,31,0.7380952380952381,0.8076923076923077,0.95,0.7,0.8,0.75,0.7,0.32206830382347107,0.10558516581342318,0.09072435911269994,0.6130046011846548,0.1261902805318719,1.649796374577803
REP01_E07,Fanar-1-9B,base,item,32,0.7619047619047619,0.7692307692307693,0.9,0.66,0.78,0.72,0.6,0.3131778836250305,0.10165675363889401,0.08589478344579334,0.5582151384599856,0.09398557979786461,1.5237867052297709
REP01_E07,Fanar-1-9B,base,item,33,0.7857142857142857,0.7692307692307693,0.9,0.64,0.8,0.72,0.6,0.3258515000343323,0.1040972028025769,0.08254983280921652,0.4950187937637088,0.06030302250327515,1.548225911599297
REP01_E07,Fanar-1-9B,base,item,34,0.8095238095238095,0.7692307692307693,0.8,0.68,0.78,0.73,0.6,0.330260694026947,0.10127284937500475,0.07326672187736046,0.47870649755351025,0.052203129041037494,1.5739431898893272
REP01_E07,Fanar-1-9B,base,item,35,0.8333333333333334,0.7692307692307693,0.85,0.66,0.78,0.72,0.6,0.32483381032943726,0.10022122429633282,0.07498032252825396,0.4556221470784246,0.04383266803919275,1.558895320791385
REP01_E07,Fanar-1-9B,base,item,36,0.8571428571428571,0.7692307692307693,0.85,0.65,0.76,0.7050000000000001,0.6,0.33878353238105774,0.10370673867073413,0.07293678860361315,0.4025532520961055,0.023794649760264314,1.5648980813373787
REP01_E07,Fanar-1-9B,base,item,37,0.8809523809523809,0.7307692307692307,0.85,0.64,0.74,0.69,0.6,0.3280920088291168,0.1027441031798833,0.07512264449323226,0.4501597121424247,0.03862040842182266,1.533314262230429
REP01_E07,Fanar-1-9B,base,item,38,0.9047619047619048,0.6923076923076923,0.8,0.66,0.74,0.7,0.6,0.32753121852874756,0.10345472781757926,0.07695205048381308,0.4352356143949435,0.02875406090731591,1.5433906528181054
REP01_E07,Fanar-1-9B,base,item,39,0.9285714285714286,0.6923076923076923,0.8,0.61,0.74,0.675,0.7,0.32181721925735474,0.10191025254033982,0.07509606707828494,0.4910544306242433,0.04342729358911527,1.610864328781791
REP01_E07,Fanar-1-9B,base,item,40,0.9523809523809523,0.6538461538461539,0.75,0.63,0.76,0.6950000000000001,0.7,0.3097524046897888,0.09932320780179711,0.07493947048202053,0.5315851959936537,0.05819396282556368,1.6152644435013774
REP01_E07,Fanar-1-9B,base,item,41,0.9761904761904762,0.6153846153846154,0.7,0.59,0.72,0.655,0.6000000000000001,0.28129613399505615,0.0977867323127219,0.10451089453444513,0.614629937578526,0.0975514709940979,1.4073973717120867
REP01_E07,Fanar-1-9B,base,item,42,1.0,0.6153846153846154,0.7,0.57,0.74,0.655,0.4,0.171159029006958,0.10050889504761226,0.23403385667644405,0.5920162017244273,0.0826301639888089,0.9714676313333119
REP01_E07b,Fanar-1-9B,full,family,0,0.0,0.4583333333333333,0.45,0.38,0.2733333333333333,0.32666666666666666,0.5,0.14511549472808838,0.039693165722082584,0.02697564531239147,0.08753243296269103,0.2286933172716947,0.8876331867644399
REP01_E07b,Fanar-1-9B,full,family,1,0.023809523809523808,0.4166666666666667,0.6,0.36,0.43333333333333335,0.39666666666666667,0.6,0.15327373147010803,0.04029267408254253,0.026783368462756068,0.07944377335006726,0.18567928712662538,1.0767372078923623
REP01_E07b,Fanar-1-9B,full,family,2,0.047619047619047616,0.5555555555555556,0.95,0.41,0.64,0.525,0.7,0.20016108453273773,0.04447198682596665,0.027226258408248053,0.0056028399289504245,0.23888461936759275,1.3382136712825916
REP01_E07b,Fanar-1-9B,full,family,3,0.07142857142857142,0.6388888888888888,1.0,0.62,0.7733333333333333,0.6966666666666667,0.9,0.2961125373840332,0.05481731793401546,0.027812965061756432,0.02978039456152054,0.21480992607117658,1.8112637574711492
REP01_E07b,Fanar-1-9B,full,family,4,0.09523809523809523,0.8472222222222222,1.0,0.76,0.8133333333333334,0.7866666666666666,1.0,0.38912636041641235,0.06751618510926474,0.027924917267477842,0.11199621893079094,0.12633979439156934,2.1162831612177087
REP01_E07b,Fanar-1-9B,full,family,5,0.11904761904761904,0.9027777777777778,1.0,0.77,0.8466666666666667,0.8083333333333333,1.0,0.4547881484031677,0.08668826836106337,0.031839031547310014,0.09238193145314368,0.07877370681148826,2.2115890234863196
REP01_E07b,Fanar-1-9B,full,family,6,0.14285714285714285,0.8888888888888888,0.95,0.69,0.86,0.7749999999999999,1.0,0.42663073539733887,0.09269517796760864,0.037798646556678986,0.02413294365536754,0.08914412232356848,2.1415460582597676
REP01_E07b,Fanar-1-9B,full,family,7,0.16666666666666666,0.9444444444444444,0.95,0.69,0.8533333333333334,0.7716666666666667,0.9,0.3807085156440735,0.09130628521000257,0.045449943550637216,0.2949580196142768,0.02344881738604417,2.0010630344135922
REP01_E07b,Fanar-1-9B,full,family,8,0.19047619047619047,0.9027777777777778,0.95,0.69,0.86,0.7749999999999999,0.9,0.32918721437454224,0.08648622539591182,0.05062655685625648,0.4523737181374951,0.00012087050039590136,1.9535304398931865
REP01_E07b,Fanar-1-9B,full,family,9,0.21428571428571427,0.9166666666666666,0.9,0.63,0.78,0.7050000000000001,0.8,0.28963756561279297,0.08256273006484378,0.05946132150517435,0.4543836193982073,0.00012373015736995863,1.7351453115682764
REP01_E07b,Fanar-1-9B,full,family,10,0.23809523809523808,0.875,0.85,0.61,0.7733333333333333,0.6916666666666667,0.9,0.30217623710632324,0.08498476858656177,0.05312298827773994,0.4670161418259933,0.017236753179987904,1.836410727200253
REP01_E07b,Fanar-1-9B,full,family,11,0.2619047619047619,0.8888888888888888,0.8,0.59,0.7266666666666667,0.6583333333333333,0.9,0.2912914752960205,0.08370554648828708,0.053091750359160014,0.3556972175508145,0.06710145287954726,1.7797576950503071
REP01_E07b,Fanar-1-9B,full,family,12,0.2857142857142857,0.8472222222222222,0.8,0.6,0.7866666666666666,0.6933333333333334,0.9,0.2980949580669403,0.08772853298332302,0.056765229321414236,0.36135851978022315,0.05670920359971969,1.8204857611789294
REP01_E07b,Fanar-1-9B,full,family,13,0.30952380952380953,0.8333333333333334,0.6,0.58,0.8066666666666666,0.6933333333333334,0.9,0.292494535446167,0.08777118345058535,0.05755619123500209,0.5084954565680807,0.027257944716392982,1.8214571913654
REP01_E07b,Fanar-1-9B,full,family,14,0.3333333333333333,0.8055555555555556,0.55,0.55,0.74,0.645,0.7,0.26821646094322205,0.08389749632241705,0.059739286538891524,0.4253777016037203,0.04129661070281045,1.543153021728628
REP01_E07b,Fanar-1-9B,full,family,15,0.35714285714285715,0.7916666666666666,0.6,0.56,0.72,0.64,0.7,0.23810218274593353,0.07954943406028385,0.061814592408873305,0.21933669379188606,0.05364051215662293,1.5028774622979044
REP01_E07b,Fanar-1-9B,full,family,16,0.38095238095238093,0.7777777777777778,0.55,0.51,0.64,0.575,0.7,0.2251790165901184,0.0762970849815188,0.06387736638370956,0.5778284432040411,0.029322665903248307,1.4289709837305966
REP01_E07b,Fanar-1-9B,full,family,17,0.40476190476190477,0.7361111111111112,0.6,0.52,0.6666666666666666,0.5933333333333333,0.8,0.2194455862045288,0.07177058428112951,0.06332003326071572,0.5014419511275275,0.007951334808215207,1.5474710525750925
REP01_E07b,Fanar-1-9B,full,family,18,0.42857142857142855,0.7083333333333334,0.55,0.52,0.6733333333333333,0.5966666666666667,0.7,0.22366052865982056,0.07271002569737592,0.06447569765163422,0.43034275082521356,0.0005727430707909503,1.4557083119071552
REP01_E07b,Fanar-1-9B,full,family,19,0.4523809523809524,0.6944444444444444,0.45,0.51,0.6533333333333333,0.5816666666666667,0.7,0.22839733958244324,0.07373959220482924,0.06393927576270973,0.47365848980385894,0.0069769971893625495,1.4443804811890595
REP01_E07b,Fanar-1-9B,full,family,20,0.47619047619047616,0.6944444444444444,0.55,0.5,0.6466666666666666,0.5733333333333333,0.7,0.22819393873214722,0.07334269335577158,0.0653716873531462,0.3792887196808511,0.001001329670107188,1.4359052522948075
REP01_E07b,Fanar-1-9B,full,family,21,0.5,0.7222222222222222,0.5,0.49,0.72,0.605,0.7,0.2189909666776657,0.0732121155793229,0.06914078202841573,0.3597019491723282,0.0003135215459618379,1.4547718042627593
REP01_E07b,Fanar-1-9B,full,family,22,0.5238095238095238,0.7222222222222222,0.45,0.49,0.7066666666666667,0.5983333333333334,0.6,0.21165266633033752,0.07373120701620225,0.07711586645863236,0.40649473714545764,0.00032555523143200897,1.3327887443971804
REP01_E07b,Fanar-1-9B,full,family,23,0.5476190476190477,0.7222222222222222,0.5,0.5,0.7066666666666667,0.6033333333333333,0.6,0.22060203552246094,0.08069087052022103,0.07750077371682926,0.4626006100418556,0.00012475314676766922,1.346403406852273
REP01_E07b,Fanar-1-9B,full,family,24,0.5714285714285714,0.7638888888888888,0.5,0.51,0.68,0.595,0.6,0.22715875506401062,0.08812204876975809,0.08049174208006245,0.3998465962033408,0.013136870307425306,1.3383827954070917
REP01_E07b,Fanar-1-9B,full,family,25,0.5952380952380952,0.7916666666666666,0.55,0.52,0.7466666666666667,0.6333333333333333,0.6,0.24049395322799683,0.09319633407687998,0.08741325066546703,0.44183066899852846,0.011294342122921555,1.3835904503651328
REP01_E07b,Fanar-1-9B,full,family,26,0.6190476190476191,0.8055555555555556,0.6,0.54,0.7466666666666667,0.6433333333333333,0.6,0.225678950548172,0.09338257321793993,0.0977291509359677,0.4217270756627312,0.022062750763527136,1.3657674452546558
REP01_E07b,Fanar-1-9B,full,family,27,0.6428571428571429,0.8194444444444444,0.75,0.55,0.7666666666666667,0.6583333333333334,0.6,0.24005335569381714,0.0963996874873621,0.08662734919822906,0.43622505322576216,0.012011357806750937,1.4087565003772338
REP01_E07b,Fanar-1-9B,full,family,28,0.6666666666666666,0.9027777777777778,0.95,0.63,0.84,0.735,0.6,0.2789005935192108,0.10236264535622623,0.08890114909632736,0.48085627550022864,0.017552227265512456,1.5206113876065053
REP01_E07b,Fanar-1-9B,full,family,29,0.6904761904761905,0.875,0.9,0.64,0.7933333333333333,0.7166666666666667,0.6,0.27309954166412354,0.1005939395841956,0.08941061917509245,0.4437396203654296,0.019095219931805234,1.4955817841727463
REP01_E07b,Fanar-1-9B,full,family,30,0.7142857142857143,0.8611111111111112,0.95,0.64,0.8133333333333334,0.7266666666666667,0.6,0.27074870467185974,0.09853909530580732,0.08147324362006964,0.5073983774416736,0.008822145612661033,1.5137365913152916
REP01_E07b,Fanar-1-9B,full,family,31,0.7380952380952381,0.8472222222222222,0.95,0.64,0.7466666666666667,0.6933333333333334,0.6,0.26463186740875244,0.09710242141808245,0.081775657800831,0.4880807682419313,0.011871329163708083,1.4732217106503278
REP01_E07b,Fanar-1-9B,full,family,32,0.7619047619047619,0.8333333333333334,0.9,0.64,0.7333333333333333,0.6866666666666666,0.6,0.25965043902397156,0.09339407493881167,0.07797503157223538,0.44907552596294614,0.016172979602612998,1.4642988292177495
REP01_E07b,Fanar-1-9B,full,family,33,0.7857142857142857,0.8194444444444444,0.9,0.64,0.7533333333333333,0.6966666666666667,0.6,0.26643723249435425,0.09564441713072704,0.07906279865509815,0.3913222309886206,0.026007745843939178,1.4775391640449378
REP01_E07b,Fanar-1-9B,full,family,34,0.8095238095238095,0.7777777777777778,0.8,0.64,0.7266666666666667,0.6833333333333333,0.6,0.2694006562232971,0.09305588847345587,0.06982699609558708,0.3735147369994584,0.03543681530843172,1.4740477896339352
REP01_E07b,Fanar-1-9B,full,family,35,0.8333333333333334,0.8055555555555556,0.85,0.64,0.6933333333333334,0.6666666666666667,0.7,0.26997339725494385,0.09429271928761881,0.07183862951834843,0.34873541219094584,0.030165988309706824,1.5572599373258353
REP01_E07b,Fanar-1-9B,full,family,36,0.8571428571428571,0.8194444444444444,0.85,0.64,0.7066666666666667,0.6733333333333333,0.6,0.2768523097038269,0.09698759347263712,0.07101322422094448,0.30250255122854847,0.039205129563600394,1.4693711364253157
REP01_E07b,Fanar-1-9B,full,family,37,0.8809523809523809,0.8194444444444444,0.85,0.64,0.6533333333333333,0.6466666666666667,0.6,0.27549660205841064,0.09505693217607762,0.06918317234027448,0.3027239686431173,0.019954550212813706,1.4479914588315994
REP01_E07b,Fanar-1-9B,full,family,38,0.9047619047619048,0.8194444444444444,0.8,0.62,0.6866666666666666,0.6533333333333333,0.6,0.2678784728050232,0.09583004167578305,0.0748799936114448,0.36029321956367216,0.05335218142453497,1.432993767170778
REP01_E07b,Fanar-1-9B,full,family,39,0.9285714285714286,0.7916666666666666,0.8,0.59,0.6866666666666666,0.6383333333333333,0.6,0.2713553309440613,0.09495848019053185,0.0694817505214096,0.1593853184152491,0.08480576522001194,1.419005472450982
REP01_E07b,Fanar-1-9B,full,family,40,0.9523809523809523,0.7777777777777778,0.75,0.6,0.68,0.64,0.6,0.2635173499584198,0.09207761393219752,0.06911133110926852,0.1501567835001128,0.08063799081695294,1.414246521144913
REP01_E07b,Fanar-1-9B,full,family,41,0.9761904761904762,0.7916666666666666,0.7,0.52,0.6533333333333333,0.5866666666666667,0.6,0.22199320793151855,0.08558529517710348,0.10236057049721053,0.6004430110808119,0.010919822609191518,1.3035693484486766
REP01_E07b,Fanar-1-9B,full,family,42,1.0,0.7777777777777778,0.7,0.53,0.6466666666666666,0.5883333333333334,0.4,0.1138007640838623,0.08633678491058067,0.24644424025454664,0.597196218834712,0.004068934488991865,0.8546726235404011
REP01_E08,ALLaM-7B,base,item,0,0.0,0.6153846153846154,0.5,0.43,0.36,0.395,0.6,0.09644600749015808,0.045746812455243965,0.02401040538690392,0.21979564064991036,0.14837046211011903,1.0303429865757245
REP01_E08,ALLaM-7B,base,item,1,0.03125,0.6153846153846154,0.75,0.41,0.58,0.495,0.7,0.11144179105758667,0.04540376376889896,0.04676695710876128,0.4605865657899881,0.7677789932284476,1.0677300856417133
REP01_E08,ALLaM-7B,base,item,2,0.0625,0.5384615384615384,0.85,0.43,0.46,0.445,0.2,-0.02934134006500244,0.025850901871245544,0.15994018488224615,0.14693905246452013,0.273235312125052,0.38740964702148845
REP01_E08,ALLaM-7B,base,item,3,0.09375,0.5769230769230769,0.95,0.57,0.44,0.505,0.5,0.00013309717178344727,0.013347897149071038,0.5367505151247755,0.34027681150424177,0.6951539639902857,0.29459409104943646
REP01_E08,ALLaM-7B,base,item,4,0.125,0.6538461538461539,1.0,0.63,0.46,0.545,0.30000000000000004,1.6093254089355469e-06,0.012151852625016016,0.5423592682809427,0.34348595120125575,0.7011350045420383,0.12735858990895674
REP01_E08,ALLaM-7B,base,item,5,0.15625,0.6538461538461539,1.0,0.61,0.4,0.505,0.30000000000000004,1.9073486328125e-06,0.012142716743154444,0.5424395913465866,0.34356577364466234,0.7011934197225769,0.08726396107140205
REP01_E08,ALLaM-7B,base,item,6,0.1875,0.6538461538461539,1.0,0.52,0.46,0.49,0.2,2.562999725341797e-06,0.012141574156649711,0.542522681855959,0.3436517556690622,0.7012551797125854,-0.02783391378438005
REP01_E08,ALLaM-7B,base,item,7,0.21875,0.6153846153846154,1.0,0.54,0.5,0.52,0.2,3.2186508178710938e-06,0.012149038546030756,0.542513987400022,0.34365088383813347,0.7012772905121699,0.002169908622753375
REP01_E08,ALLaM-7B,base,item,8,0.25,0.6538461538461539,1.0,0.52,0.46,0.49,0.2,4.231929779052734e-06,0.012152706227587096,0.542518266762479,0.3437129161467135,0.7013036947419808,-0.027839958518195262
REP01_E08,ALLaM-7B,base,item,9,0.28125,0.6538461538461539,1.0,0.55,0.46,0.505,0.30000000000000004,5.245208740234375e-06,0.012148459199856361,0.542567179639686,0.3437996156077242,0.701354482493868,0.08709944494558725
REP01_E08,ALLaM-7B,base,item,10,0.3125,0.6538461538461539,1.0,0.58,0.5,0.54,0.30000000000000004,7.808208465576172e-06,0.012150659799212093,0.5425349668112184,0.3437422642484017,0.701348380621976,0.12213574624175327
REP01_E08,ALLaM-7B,base,item,11,0.34375,0.6538461538461539,1.0,0.53,0.46,0.495,0.30000000000000004,9.834766387939453e-06,0.012147194261139029,0.5424825465227975,0.343712117342206,0.701341022213321,0.07719203269026026
REP01_E08,ALLaM-7B,base,item,12,0.375,0.6538461538461539,1.0,0.53,0.5,0.515,0.2,1.3113021850585938e-05,0.012158970990506437,0.5423898760320526,0.3436304462818193,0.7013323856922522,-0.0027098594332649606
REP01_E08,ALLaM-7B,base,item,13,0.40625,0.6923076923076923,1.0,0.54,0.44,0.49,0.2,1.4781951904296875e-05,0.012153512911510511,0.5423969036943805,0.3436651668806885,0.7013393662161953,-0.02771696329652512
REP01_E08,ALLaM-7B,base,item,14,0.4375,0.6923076923076923,0.95,0.54,0.5,0.52,0.2,1.633167266845703e-05,0.01215760043143954,0.5423956024826645,0.3436623095414777,0.7013344243953515,0.002287123091166049
REP01_E08,ALLaM-7B,base,item,15,0.46875,0.6923076923076923,1.0,0.52,0.5,0.51,0.2,1.7821788787841797e-05,0.012164633091973293,0.5424318061403235,0.34377948666476676,0.7013897036104983,-0.0077614102541602725
REP01_E08,ALLaM-7B,base,item,16,0.5,0.6923076923076923,1.0,0.47,0.48,0.475,0.2,1.919269561767578e-05,0.012168659280125485,0.542413359117784,0.34376680697832934,0.7013672907410079,-0.04273598910741824
REP01_E08,ALLaM-7B,base,item,17,0.53125,0.6923076923076923,1.0,0.52,0.48,0.5,0.2,2.1696090698242188e-05,0.012175298254090272,0.5425282432371565,0.3438713064810189,0.7014496021459173,-0.017868947682937675
REP01_E08,ALLaM-7B,base,item,18,0.5625,0.6153846153846154,1.0,0.51,0.46,0.485,0.2,2.6404857635498047e-05,0.012184641422111092,0.5423619686542844,0.3437510714057448,0.7012618058555429,-0.0326510152605346
REP01_E08,ALLaM-7B,base,item,19,0.59375,0.6153846153846154,1.0,0.53,0.46,0.495,0.2,2.849102020263672e-05,0.012178782715804836,0.5425034959870689,0.34392825502849067,0.7013699467173548,-0.022817491646204918
REP01_E08,ALLaM-7B,base,item,20,0.625,0.6153846153846154,1.0,0.51,0.5,0.505,0.2,3.49879264831543e-05,0.01217430806596824,0.542466173520641,0.34394977298611823,0.7013427155140269,-0.01276686447266448
REP01_E08,ALLaM-7B,base,item,21,0.65625,0.6923076923076923,1.0,0.53,0.5,0.515,0.2,4.118680953979492e-05,0.012171361218953661,0.542631737922942,0.3441499963932631,0.7015107563878186,-0.002968240210356715
REP01_E08,ALLaM-7B,base,item,22,0.6875,0.6923076923076923,1.0,0.52,0.5,0.51,0.2,4.673004150390625e-05,0.012167105722785397,0.5426856949256629,0.3442471891603575,0.7015312603095417,-0.008021779961544434
REP01_E08,ALLaM-7B,base,item,23,0.71875,0.6923076923076923,1.0,0.52,0.48,0.5,0.2,5.710124969482422e-05,0.012166927857625279,0.5427367782551678,0.3443765638751364,0.7015319119535899,-0.01806265499387044
REP01_E08,ALLaM-7B,base,item,24,0.75,0.6538461538461539,1.0,0.55,0.48,0.515,0.2,7.104873657226562e-05,0.012154711039620705,0.5427813071458744,0.3445016740887904,0.7015877612832132,-0.003107198730105315
REP01_E08,ALLaM-7B,base,item,25,0.78125,0.6538461538461539,0.95,0.56,0.48,0.52,0.2,9.47117805480957e-05,0.012164092375657128,0.5427272341700233,0.344546539166361,0.70160996820732,0.001964985558694732
REP01_E08,ALLaM-7B,base,item,26,0.8125,0.6538461538461539,1.0,0.55,0.48,0.515,0.2,0.00012433528900146484,0.012145607616303865,0.5426184106050032,0.34450013680364905,0.7014999976626598,-0.00286907473166656
REP01_E08,ALLaM-7B,base,item,27,0.84375,0.6538461538461539,0.95,0.52,0.48,0.5,0.30000000000000004,0.0001609325408935547,0.012147439271061334,0.5426410140141191,0.3446447267216138,0.7015228640897372,0.08213920250434018
REP01_E08,ALLaM-7B,base,item,28,0.875,0.6538461538461539,1.0,0.55,0.46,0.505,0.30000000000000004,0.00020420551300048828,0.012146310231447676,0.5425696475924316,0.34476788894682964,0.701591025868022,0.08723680145356338
REP01_E08,ALLaM-7B,base,item,29,0.90625,0.6153846153846154,0.95,0.54,0.46,0.5,0.30000000000000004,0.0003153681755065918,0.012215687978932837,0.5421850874863626,0.344696522764422,0.7016044571312547,0.08272916640633032
REP01_E08,ALLaM-7B,base,item,30,0.9375,0.6538461538461539,1.0,0.44,0.44,0.44,0.30000000000000004,0.000432431697845459,0.01227936203973709,0.5416621429895035,0.3445474517581982,0.7015201027358563,0.023390263024377828
REP01_E08,ALLaM-7B,base,item,31,0.96875,0.6153846153846154,0.9,0.53,0.44,0.485,0.30000000000000004,0.001477956771850586,0.012727062718019915,0.5386536391387321,0.34473895594128473,0.7016091223231693,0.0724220370523262
REP01_E08,ALLaM-7B,base,item,32,1.0,0.5384615384615384,0.8,0.38,0.5,0.44,0.4,0.1227114200592041,0.06397511285508012,0.20889955221460071,0.3450217140789901,0.6887370709499905,0.5816276001071059
REP01_E08b,ALLaM-7B,full,family,0,0.0,0.6388888888888888,0.5,0.4,0.3466666666666667,0.37333333333333335,0.5,0.10594142973423004,0.033181918560425225,0.02086770606386313,0.37871800317724746,0.1620202226936392,0.9179020013302904
REP01_E08b,ALLaM-7B,full,family,1,0.03125,0.7222222222222222,0.75,0.5,0.5133333333333333,0.5066666666666666,0.5,0.12235897779464722,0.03806286257610302,0.0306857018864384,0.15787045240755096,0.7608064580575017,0.9081383280605
REP01_E08b,ALLaM-7B,full,family,2,0.0625,0.8055555555555556,0.85,0.51,0.4533333333333333,0.4816666666666667,0.1,-0.08302682638168335,0.02391404559196658,0.05760744298745041,0.03945227392068473,0.24584950438627232,0.37957002120096484
REP01_E08b,ALLaM-7B,full,family,3,0.09375,0.7638888888888888,0.95,0.6,0.5866666666666667,0.5933333333333333,0.6,0.00015395879745483398,0.04159385631802245,0.22184095602895124,0.10551745265978071,0.6899471533532258,0.7991595477635305
REP01_E08b,ALLaM-7B,full,family,4,0.125,0.75,1.0,0.7,0.54,0.62,0.4,1.5497207641601562e-06,0.041355996281871435,0.22469486445998382,0.10675149427435678,0.6965602104741865,0.6211666326422338
REP01_E08b,ALLaM-7B,full,family,5,0.15625,0.6944444444444444,1.0,0.7,0.5133333333333333,0.6066666666666667,0.30000000000000004,2.2649765014648438e-06,0.041337257393396415,0.22478168430427634,0.10680347361674877,0.6965927378487191,0.507739062876712
REP01_E08b,ALLaM-7B,full,family,6,0.1875,0.6944444444444444,1.0,0.69,0.56,0.625,0.30000000000000004,3.039836883544922e-06,0.04132825539904776,0.22490280379281186,0.10686804089933846,0.6966277524744119,0.5259432979254688
REP01_E08b,ALLaM-7B,full,family,7,0.21875,0.6944444444444444,1.0,0.66,0.58,0.62,0.4,3.3974647521972656e-06,0.04133473727017756,0.22489186982427828,0.10686186731625313,0.6966364956396983,0.6209524037305493
REP01_E08b,ALLaM-7B,full,family,8,0.25,0.6805555555555556,1.0,0.7,0.5466666666666666,0.6233333333333333,0.4,4.470348358154297e-06,0.04135723930239266,0.2249372739506493,0.10690719578997294,0.6966624345977963,0.6242349210815932
REP01_E08b,ALLaM-7B,full,family,9,0.28125,0.7361111111111112,1.0,0.67,0.5733333333333334,0.6216666666666667,0.4,5.7220458984375e-06,0.04134149279423951,0.22500861140254844,0.10695595154680564,0.6966973352588808,0.6224894434952966
REP01_E08b,ALLaM-7B,full,family,10,0.3125,0.6944444444444444,1.0,0.66,0.58,0.62,0.30000000000000004,8.165836334228516e-06,0.04134302236925358,0.22498227315252653,0.10693096889737098,0.6966895437336561,0.5208535067503938
REP01_E08b,ALLaM-7B,full,family,11,0.34375,0.7083333333333334,1.0,0.67,0.5866666666666667,0.6283333333333334,0.30000000000000004,1.049041748046875e-05,0.041347257553545,0.22489420487445502,0.10689357797187801,0.6966962288872744,0.5292755616545404
REP01_E08b,ALLaM-7B,full,family,12,0.375,0.6805555555555556,1.0,0.63,0.5733333333333334,0.6016666666666667,0.30000000000000004,1.3828277587890625e-05,0.041354833280239645,0.22483526906917928,0.10685389835994545,0.6966950092734961,0.5026714735567013
REP01_E08b,ALLaM-7B,full,family,13,0.40625,0.6944444444444444,1.0,0.62,0.52,0.5700000000000001,0.30000000000000004,1.4901161193847656e-05,0.04135530587082529,0.22483331996026223,0.10686177119465896,0.6967088551617129,0.4710043674105035
REP01_E08b,ALLaM-7B,full,family,14,0.4375,0.7083333333333334,0.95,0.62,0.58,0.6,0.30000000000000004,1.615285873413086e-05,0.041360426923374737,0.22484522454356762,0.10686382992345315,0.696712186503127,0.5009928816893848
REP01_E08b,ALLaM-7B,full,family,15,0.46875,0.7222222222222222,1.0,0.59,0.5666666666666667,0.5783333333333334,0.30000000000000004,1.531839370727539e-05,0.04136973882894955,0.22491553435546488,0.10692755560426019,0.6967407713393444,0.4792479245367397
REP01_E08b,ALLaM-7B,full,family,16,0.5,0.7361111111111112,1.0,0.58,0.5333333333333333,0.5566666666666666,0.30000000000000004,1.4781951904296875e-05,0.041380598914753534,0.22492513060606847,0.1069330931505937,0.6967292789141345,0.45757399828396894
REP01_E08b,ALLaM-7B,full,family,17,0.53125,0.7222222222222222,1.0,0.6,0.5066666666666667,0.5533333333333333,0.30000000000000004,1.5735626220703125e-05,0.04138535673112757,0.2250492776665492,0.10699704992857723,0.69680493670222,0.45409855711744984
REP01_E08b,ALLaM-7B,full,family,18,0.5625,0.7361111111111112,1.0,0.57,0.5133333333333333,0.5416666666666666,0.30000000000000004,2.2113323211669922e-05,0.04140240641105373,0.22493477290758818,0.10695880012620046,0.696641082722535,0.44259373640165633
REP01_E08b,ALLaM-7B,full,family,19,0.59375,0.7361111111111112,1.0,0.62,0.54,0.5800000000000001,0.30000000000000004,2.2709369659423828e-05,0.04137817812314317,0.22507572597564693,0.10704569847492308,0.6967043394292842,0.4807708985366915
REP01_E08b,ALLaM-7B,full,family,20,0.625,0.7638888888888888,1.0,0.63,0.5466666666666666,0.5883333333333334,0.30000000000000004,3.075599670410156e-05,0.04137978518350049,0.22508608011909484,0.10707021790593065,0.6966983786473462,0.48910341454910616
REP01_E08b,ALLaM-7B,full,family,21,0.65625,0.7777777777777778,1.0,0.61,0.5533333333333333,0.5816666666666667,0.30000000000000004,3.981590270996094e-05,0.041370567550578316,0.2253176050777861,0.1072083803998421,0.6967893993278051,0.4821915276596393
REP01_E08b,ALLaM-7B,full,family,22,0.6875,0.7638888888888888,1.0,0.64,0.56,0.6000000000000001,0.30000000000000004,5.030632019042969e-05,0.04138463181280996,0.22541750477981376,0.1072803839081336,0.6968227746132875,0.500427107887055
REP01_E08b,ALLaM-7B,full,family,23,0.71875,0.7777777777777778,1.0,0.62,0.5733333333333334,0.5966666666666667,0.30000000000000004,5.924701690673828e-05,0.04138587376493112,0.22559225130894706,0.10741222092485385,0.696785418368157,0.4969373077825872
REP01_E08b,ALLaM-7B,full,family,24,0.75,0.7777777777777778,1.0,0.61,0.5666666666666667,0.5883333333333334,0.30000000000000004,8.165836334228516e-05,0.04135304542649722,0.2256882802697741,0.10749380913466552,0.6967803237403929,0.4885316304918033
REP01_E08b,ALLaM-7B,full,family,25,0.78125,0.7777777777777778,0.95,0.59,0.5733333333333334,0.5816666666666667,0.30000000000000004,0.00010675191879272461,0.04135199139691795,0.2257116761040452,0.1075230269648584,0.6967916226951424,0.4818638368076287
REP01_E08b,ALLaM-7B,full,family,26,0.8125,0.7222222222222222,1.0,0.57,0.5666666666666667,0.5683333333333334,0.30000000000000004,0.00014704465866088867,0.04129919508473229,0.22570172488291215,0.10751963900385074,0.696695828212032,0.46860469605607413
REP01_E08b,ALLaM-7B,full,family,27,0.84375,0.7083333333333334,0.95,0.51,0.58,0.5449999999999999,0.30000000000000004,0.0001882314682006836,0.04126691151791024,0.22588151485104857,0.10766103847867349,0.696651786925914,0.4451437698856736
REP01_E08b,ALLaM-7B,full,family,28,0.875,0.6805555555555556,1.0,0.5,0.56,0.53,0.30000000000000004,0.00024372339248657227,0.0412317319405541,0.22600265843336423,0.10777598983419258,0.6966796584745193,0.4300711503404926
REP01_E08b,ALLaM-7B,full,family,29,0.90625,0.6666666666666666,0.95,0.55,0.5533333333333333,0.5516666666666667,0.30000000000000004,0.0003617405891418457,0.041287129722726815,0.22586455036714528,0.10777059913253123,0.6967031682987861,0.45198806481396686
REP01_E08b,ALLaM-7B,full,family,30,0.9375,0.6388888888888888,1.0,0.56,0.5266666666666666,0.5433333333333333,0.30000000000000004,0.0005094408988952637,0.0413606992711844,0.22556641442864325,0.10769031483599474,0.6966508423129721,0.44411364922534236
REP01_E08b,ALLaM-7B,full,family,31,0.96875,0.6388888888888888,0.9,0.48,0.48,0.48,0.30000000000000004,0.001675426959991455,0.041693208407884104,0.22474306484430956,0.10781845755013636,0.6967452977483195,0.382746037678602
REP01_E08b,ALLaM-7B,full,family,32,1.0,0.5972222222222222,0.8,0.45,0.46,0.455,0.30000000000000004,0.1085553765296936,0.06535134299924125,0.14640325744762134,0.054562259981707086,0.6373547136820273,0.5578134406615656
