run_id,model,surface,real_split,probe,probe_label,removed_pcs,peak_accuracy,peak_layer,mean_accuracy,early_accuracy,middle_accuracy,late_accuracy,accuracy_per_layer
REP01_E03,Qwen3-1.7B,base,item,real_templates_random,real templates,0,0.8076923076923077,1,0.6007957559681698,0.7307692307692307,0.5604395604395603,0.5576923076923077,0.576923 0.807692 0.807692 0.769231 0.769231 0.769231 0.615385 0.576923 0.615385 0.500000 0.538462 0.538462 0.538462 0.500000 0.576923 0.538462 0.538462 0.576923 0.615385 0.576923 0.615385 0.615385 0.653846 0.576923 0.500000 0.500000 0.500000 0.538462 0.576923
REP01_E03,Qwen3-1.7B,base,item,real_templates_random,real templates,1,0.7692307692307693,2,0.5477453580901857,0.6813186813186813,0.5302197802197802,0.46153846153846156,0.461538 0.692308 0.769231 0.730769 0.769231 0.769231 0.576923 0.576923 0.538462 0.461538 0.461538 0.500000 0.500000 0.461538 0.538462 0.500000 0.538462 0.576923 0.538462 0.576923 0.653846 0.538462 0.538462 0.461538 0.346154 0.384615 0.423077 0.500000 0.500000
REP01_E03,Qwen3-1.7B,base,item,real_templates_random,real templates,2,0.7692307692307693,2,0.5331564986737402,0.6428571428571429,0.5439560439560439,0.4182692307692308,0.269231 0.692308 0.769231 0.730769 0.769231 0.692308 0.576923 0.538462 0.576923 0.538462 0.500000 0.576923 0.538462 0.461538 0.500000 0.461538 0.576923 0.615385 0.538462 0.576923 0.615385 0.538462 0.500000 0.423077 0.307692 0.346154 0.384615 0.346154 0.500000
REP01_E03,Qwen3-1.7B,base,item,real_templates_random,real templates,5,0.8076923076923077,3,0.4456233421750662,0.5989010989010989,0.42857142857142855,0.34134615384615385,0.307692 0.615385 0.730769 0.807692 0.807692 0.500000 0.423077 0.384615 0.346154 0.423077 0.423077 0.384615 0.384615 0.307692 0.346154 0.384615 0.461538 0.576923 0.538462 0.576923 0.461538 0.500000 0.423077 0.346154 0.269231 0.230769 0.230769 0.230769 0.500000
REP01_E03,Qwen3-1.7B,base,item,real_templates_random,real templates,10,0.5,2,0.29442970822281167,0.3241758241758242,0.3186813186813187,0.2259615384615385,0.269231 0.384615 0.500000 0.461538 0.346154 0.153846 0.153846 0.192308 0.230769 0.230769 0.307692 0.192308 0.307692 0.307692 0.269231 0.346154 0.461538 0.461538 0.423077 0.384615 0.346154 0.269231 0.230769 0.230769 0.192308 0.192308 0.153846 0.153846 0.384615
REP01_E03,Qwen3-1.7B,base,item,nonce_templates_heldout_roots,nonce held-out roots,0,1.0,3,0.8241379310344829,0.8857142857142858,0.7964285714285715,0.8187500000000001,0.550000 0.850000 0.950000 1.000000 1.000000 0.950000 0.900000 0.750000 0.850000 0.850000 0.900000 0.850000 0.800000 0.750000 0.750000 0.750000 0.750000 0.800000 0.750000 0.700000 0.900000 0.950000 0.900000 0.750000 0.750000 0.750000 0.850000 0.800000 0.800000
REP01_E03,Qwen3-1.7B,base,item,nonce_templates_heldout_roots,nonce held-out roots,1,1.0,3,0.820689655172414,0.8714285714285716,0.7964285714285715,0.8187500000000001,0.500000 0.800000 0.950000 1.000000 1.000000 0.950000 0.900000 0.750000 0.850000 0.850000 0.900000 0.850000 0.800000 0.750000 0.750000 0.750000 0.750000 0.800000 0.750000 0.700000 0.900000 0.950000 0.900000 0.750000 0.750000 0.750000 0.850000 0.800000 0.800000
REP01_E03,Qwen3-1.7B,base,item,nonce_templates_heldout_roots,nonce held-out roots,2,1.0,3,0.8051724137931034,0.8571428571428571,0.7892857142857144,0.7875000000000001,0.500000 0.800000 0.950000 1.000000 1.000000 0.900000 0.850000 0.700000 0.850000 0.850000 0.850000 0.850000 0.800000 0.700000 0.750000 0.750000 0.750000 0.800000 0.800000 0.700000 0.900000 0.900000 0.850000 0.700000 0.700000 0.750000 0.800000 0.800000 0.800000
REP01_E03,Qwen3-1.7B,base,item,nonce_templates_heldout_roots,nonce held-out roots,5,1.0,3,0.6586206896551723,0.7142857142857143,0.5785714285714285,0.75,0.050000 0.650000 0.950000 1.000000 1.000000 0.750000 0.600000 0.500000 0.500000 0.500000 0.550000 0.500000 0.450000 0.550000 0.500000 0.550000 0.550000 0.700000 0.650000 0.800000 0.800000 0.850000 0.800000 0.750000 0.700000 0.700000 0.750000 0.700000 0.750000
REP01_E03,Qwen3-1.7B,base,item,nonce_templates_heldout_roots,nonce held-out roots,10,1.0,3,0.6103448275862069,0.6214285714285713,0.5178571428571429,0.7625000000000001,0.050000 0.600000 0.850000 1.000000 0.650000 0.700000 0.500000 0.550000 0.500000 0.500000 0.350000 0.350000 0.450000 0.450000 0.450000 0.400000 0.500000 0.650000 0.550000 0.800000 0.750000 0.750000 0.850000 0.750000 0.800000 0.800000 0.750000 0.650000 0.750000
REP01_E03,Qwen3-1.7B,base,item,train_real_test_nonce_overlap,real -> nonce,0,0.7,2,0.5755172413793103,0.6414285714285715,0.5707142857142858,0.52625,0.470000 0.640000 0.700000 0.700000 0.700000 0.660000 0.620000 0.610000 0.650000 0.630000 0.600000 0.610000 0.600000 0.570000 0.540000 0.470000 0.500000 0.530000 0.500000 0.530000 0.650000 0.570000 0.550000 0.530000 0.510000 0.510000 0.530000 0.530000 0.480000
REP01_E03,Qwen3-1.7B,base,item,train_real_test_nonce_overlap,real -> nonce,1,0.84,4,0.5624137931034483,0.7085714285714285,0.5342857142857144,0.48375,0.440000 0.660000 0.710000 0.800000 0.840000 0.790000 0.720000 0.680000 0.660000 0.630000 0.590000 0.560000 0.560000 0.550000 0.490000 0.490000 0.420000 0.430000 0.490000 0.450000 0.480000 0.470000 0.490000 0.510000 0.440000 0.460000 0.460000 0.470000 0.570000
REP01_E03,Qwen3-1.7B,base,item,train_real_test_nonce_overlap,real -> nonce,2,0.76,3,0.5351724137931034,0.58,0.5514285714285715,0.46749999999999997,0.280000 0.480000 0.710000 0.760000 0.710000 0.630000 0.490000 0.500000 0.560000 0.680000 0.650000 0.600000 0.580000 0.560000 0.540000 0.580000 0.590000 0.560000 0.450000 0.430000 0.440000 0.460000 0.460000 0.480000 0.460000 0.450000 0.460000 0.450000 0.520000
REP01_E03,Qwen3-1.7B,base,item,train_real_test_nonce_overlap,real -> nonce,5,0.57,3,0.3462068965517241,0.4114285714285714,0.31,0.3525,0.220000 0.390000 0.470000 0.570000 0.480000 0.410000 0.340000 0.270000 0.260000 0.270000 0.310000 0.280000 0.330000 0.330000 0.310000 0.260000 0.290000 0.340000 0.350000 0.360000 0.380000 0.380000 0.360000 0.360000 0.350000 0.350000 0.350000 0.320000 0.350000
REP01_E03,Qwen3-1.7B,base,item,train_real_test_nonce_overlap,real -> nonce,10,0.39,19,0.2720689655172414,0.2414285714285714,0.27071428571428574,0.30125,0.210000 0.270000 0.280000 0.280000 0.250000 0.190000 0.210000 0.250000 0.250000 0.250000 0.230000 0.220000 0.180000 0.280000 0.260000 0.220000 0.270000 0.320000 0.340000 0.390000 0.330000 0.310000 0.270000 0.310000 0.300000 0.300000 0.310000 0.290000 0.320000
REP01_E03,Qwen3-1.7B,base,item,train_nonce_test_real_overlap,nonce -> real,0,0.88,4,0.7199999999999999,0.7742857142857142,0.7014285714285714,0.705,0.460000 0.780000 0.840000 0.840000 0.880000 0.840000 0.780000 0.760000 0.740000 0.680000 0.700000 0.700000 0.660000 0.680000 0.720000 0.740000 0.720000 0.620000 0.640000 0.720000 0.740000 0.760000 0.760000 0.720000 0.680000 0.720000 0.660000 0.720000 0.620000
REP01_E03,Qwen3-1.7B,base,item,train_nonce_test_real_overlap,nonce -> real,1,0.88,4,0.729655172413793,0.7485714285714284,0.7157142857142856,0.7375,0.420000 0.700000 0.800000 0.820000 0.880000 0.860000 0.760000 0.740000 0.740000 0.700000 0.700000 0.740000 0.680000 0.700000 0.720000 0.740000 0.760000 0.640000 0.660000 0.740000 0.760000 0.780000 0.780000 0.740000 0.700000 0.740000 0.740000 0.740000 0.680000
REP01_E03,Qwen3-1.7B,base,item,train_nonce_test_real_overlap,nonce -> real,2,0.8,2,0.6262068965517242,0.6571428571428573,0.62,0.61,0.320000 0.560000 0.800000 0.760000 0.740000 0.720000 0.700000 0.600000 0.620000 0.720000 0.680000 0.580000 0.580000 0.520000 0.560000 0.680000 0.680000 0.720000 0.560000 0.580000 0.600000 0.620000 0.600000 0.600000 0.620000 0.620000 0.600000 0.600000 0.620000
REP01_E03,Qwen3-1.7B,base,item,train_nonce_test_real_overlap,nonce -> real,5,0.74,4,0.3889655172413794,0.48,0.2771428571428571,0.505,0.260000 0.240000 0.640000 0.620000 0.740000 0.500000 0.360000 0.280000 0.160000 0.200000 0.200000 0.220000 0.260000 0.280000 0.280000 0.260000 0.300000 0.320000 0.360000 0.380000 0.380000 0.480000 0.520000 0.520000 0.540000 0.480000 0.460000 0.460000 0.580000
REP01_E03,Qwen3-1.7B,base,item,train_nonce_test_real_overlap,nonce -> real,10,0.68,2,0.2448275862068966,0.3742857142857143,0.19285714285714287,0.2225,0.220000 0.160000 0.680000 0.560000 0.480000 0.280000 0.240000 0.260000 0.140000 0.120000 0.120000 0.140000 0.160000 0.200000 0.220000 0.180000 0.220000 0.240000 0.240000 0.260000 0.200000 0.180000 0.180000 0.140000 0.240000 0.280000 0.200000 0.200000 0.360000
REP01_E05b,Qwen3-1.7B,full,family,real_templates_random,real templates,0,0.9027777777777778,4,0.7030651340996169,0.7420634920634921,0.7113095238095238,0.6545138888888888,0.444444 0.666667 0.736111 0.777778 0.902778 0.861111 0.805556 0.805556 0.763889 0.736111 0.763889 0.708333 0.722222 0.666667 0.694444 0.666667 0.652778 0.666667 0.680556 0.680556 0.750000 0.763889 0.736111 0.652778 0.638889 0.625000 0.611111 0.597222 0.611111
REP01_E05b,Qwen3-1.7B,full,family,real_templates_random,real templates,1,0.875,4,0.7040229885057472,0.7142857142857143,0.7132936507936509,0.6788194444444444,0.277778 0.652778 0.763889 0.763889 0.875000 0.861111 0.805556 0.805556 0.750000 0.750000 0.722222 0.708333 0.708333 0.666667 0.680556 0.666667 0.666667 0.680556 0.708333 0.708333 0.763889 0.736111 0.708333 0.708333 0.680556 0.652778 0.680556 0.625000 0.638889
REP01_E05b,Qwen3-1.7B,full,family,real_templates_random,real templates,2,0.8888888888888888,4,0.7001915708812261,0.7261904761904762,0.7152777777777777,0.6510416666666666,0.305556 0.680556 0.750000 0.763889 0.888889 0.888889 0.805556 0.763889 0.750000 0.736111 0.736111 0.750000 0.694444 0.680556 0.680556 0.680556 0.722222 0.694444 0.694444 0.680556 0.750000 0.791667 0.652778 0.652778 0.583333 0.638889 0.680556 0.652778 0.555556
REP01_E05b,Qwen3-1.7B,full,family,real_templates_random,real templates,5,0.7777777777777778,20,0.6273946360153259,0.5932539682539683,0.6656746031746031,0.5902777777777778,0.250000 0.527778 0.736111 0.625000 0.680556 0.666667 0.666667 0.694444 0.638889 0.666667 0.583333 0.625000 0.666667 0.694444 0.680556 0.652778 0.597222 0.652778 0.708333 0.680556 0.777778 0.722222 0.680556 0.583333 0.541667 0.541667 0.583333 0.555556 0.513889
REP01_E05b,Qwen3-1.7B,full,family,real_templates_random,real templates,10,0.5972222222222222,2,0.3888888888888889,0.3611111111111111,0.3878968253968254,0.4149305555555556,0.250000 0.319444 0.597222 0.347222 0.416667 0.347222 0.250000 0.305556 0.333333 0.347222 0.347222 0.347222 0.402778 0.402778 0.402778 0.486111 0.430556 0.402778 0.402778 0.444444 0.375000 0.430556 0.416667 0.472222 0.402778 0.388889 0.375000 0.361111 0.472222
REP01_E05b,Qwen3-1.7B,full,family,nonce_templates_heldout_roots,nonce held-out roots,0,1.0,3,0.8241379310344829,0.8857142857142858,0.7964285714285715,0.8187500000000001,0.550000 0.850000 0.950000 1.000000 1.000000 0.950000 0.900000 0.750000 0.850000 0.850000 0.900000 0.850000 0.800000 0.750000 0.750000 0.750000 0.750000 0.800000 0.750000 0.700000 0.900000 0.950000 0.900000 0.750000 0.750000 0.750000 0.850000 0.800000 0.800000
REP01_E05b,Qwen3-1.7B,full,family,nonce_templates_heldout_roots,nonce held-out roots,1,1.0,3,0.8241379310344829,0.8857142857142858,0.7964285714285715,0.8187500000000001,0.550000 0.850000 0.950000 1.000000 1.000000 0.950000 0.900000 0.750000 0.850000 0.850000 0.900000 0.850000 0.800000 0.750000 0.750000 0.750000 0.750000 0.800000 0.750000 0.700000 0.900000 0.950000 0.900000 0.750000 0.750000 0.750000 0.850000 0.800000 0.800000
REP01_E05b,Qwen3-1.7B,full,family,nonce_templates_heldout_roots,nonce held-out roots,2,1.0,3,0.8224137931034484,0.8714285714285716,0.7892857142857144,0.8375,0.500000 0.800000 0.950000 1.000000 1.000000 0.950000 0.900000 0.800000 0.750000 0.850000 0.850000 0.850000 0.800000 0.750000 0.750000 0.750000 0.750000 0.750000 0.750000 0.750000 0.900000 0.950000 0.950000 0.750000 0.800000 0.800000 0.850000 0.800000 0.800000
REP01_E05b,Qwen3-1.7B,full,family,nonce_templates_heldout_roots,nonce held-out roots,5,1.0,3,0.8086206896551725,0.8571428571428571,0.7785714285714286,0.81875,0.500000 0.800000 0.950000 1.000000 1.000000 0.950000 0.800000 0.750000 0.700000 0.750000 0.800000 0.750000 0.850000 0.700000 0.750000 0.700000 0.750000 0.800000 0.850000 0.800000 0.950000 0.900000 0.900000 0.750000 0.750000 0.800000 0.800000 0.850000 0.800000
REP01_E05b,Qwen3-1.7B,full,family,nonce_templates_heldout_roots,nonce held-out roots,10,1.0,4,0.7793103448275862,0.8285714285714286,0.7392857142857144,0.80625,0.500000 0.750000 0.950000 0.950000 1.000000 0.950000 0.700000 0.750000 0.700000 0.650000 0.700000 0.700000 0.800000 0.700000 0.700000 0.650000 0.750000 0.750000 0.800000 0.800000 0.900000 0.900000 0.900000 0.800000 0.800000 0.800000 0.750000 0.750000 0.750000
REP01_E05b,Qwen3-1.7B,full,family,train_real_test_nonce_overlap,real -> nonce,0,0.8,3,0.6062068965517241,0.6457142857142858,0.6064285714285714,0.57125,0.370000 0.590000 0.680000 0.800000 0.750000 0.680000 0.650000 0.660000 0.670000 0.660000 0.630000 0.560000 0.620000 0.580000 0.550000 0.570000 0.570000 0.590000 0.590000 0.590000 0.650000 0.630000 0.590000 0.560000 0.560000 0.570000 0.560000 0.580000 0.520000
REP01_E05b,Qwen3-1.7B,full,family,train_real_test_nonce_overlap,real -> nonce,1,0.81,3,0.6006896551724139,0.6742857142857143,0.6007142857142859,0.53625,0.350000 0.600000 0.710000 0.810000 0.790000 0.740000 0.720000 0.650000 0.690000 0.690000 0.600000 0.580000 0.610000 0.590000 0.580000 0.560000 0.570000 0.560000 0.560000 0.550000 0.620000 0.580000 0.540000 0.510000 0.530000 0.520000 0.540000 0.540000 0.530000
REP01_E05b,Qwen3-1.7B,full,family,train_real_test_nonce_overlap,real -> nonce,2,0.73,5,0.5772413793103448,0.6157142857142857,0.5864285714285715,0.5275000000000001,0.310000 0.570000 0.650000 0.710000 0.670000 0.730000 0.670000 0.560000 0.510000 0.660000 0.640000 0.590000 0.600000 0.520000 0.550000 0.610000 0.630000 0.610000 0.600000 0.530000 0.600000 0.530000 0.510000 0.460000 0.500000 0.560000 0.540000 0.560000 0.560000
REP01_E05b,Qwen3-1.7B,full,family,train_real_test_nonce_overlap,real -> nonce,5,0.66,2,0.4882758620689655,0.5157142857142858,0.4799999999999999,0.47875,0.310000 0.450000 0.660000 0.520000 0.510000 0.600000 0.560000 0.460000 0.480000 0.460000 0.500000 0.450000 0.510000 0.520000 0.520000 0.410000 0.470000 0.460000 0.490000 0.470000 0.520000 0.500000 0.520000 0.500000 0.450000 0.470000 0.420000 0.450000 0.520000
REP01_E05b,Qwen3-1.7B,full,family,train_real_test_nonce_overlap,real -> nonce,10,0.51,2,0.3693103448275862,0.3728571428571429,0.3614285714285715,0.38,0.290000 0.260000 0.510000 0.370000 0.390000 0.410000 0.380000 0.330000 0.380000 0.390000 0.370000 0.400000 0.390000 0.370000 0.340000 0.300000 0.290000 0.370000 0.360000 0.410000 0.360000 0.350000 0.360000 0.400000 0.410000 0.360000 0.370000 0.370000 0.420000
REP01_E05b,Qwen3-1.7B,full,family,train_nonce_test_real_overlap,nonce -> real,0,0.8066666666666666,4,0.6544827586206895,0.6799999999999999,0.6447619047619048,0.6491666666666667,0.380000 0.593333 0.760000 0.786667 0.806667 0.740000 0.693333 0.720000 0.746667 0.680000 0.660000 0.666667 0.633333 0.626667 0.640000 0.626667 0.600000 0.573333 0.573333 0.626667 0.653333 0.686667 0.660000 0.646667 0.640000 0.653333 0.653333 0.633333 0.620000
REP01_E05b,Qwen3-1.7B,full,family,train_nonce_test_real_overlap,nonce -> real,1,0.8133333333333334,4,0.6558620689655172,0.6714285714285715,0.649047619047619,0.6541666666666666,0.306667 0.600000 0.746667 0.786667 0.813333 0.753333 0.693333 0.713333 0.746667 0.680000 0.660000 0.666667 0.646667 0.640000 0.640000 0.620000 0.620000 0.580000 0.580000 0.633333 0.660000 0.693333 0.666667 0.653333 0.653333 0.666667 0.666667 0.626667 0.606667
REP01_E05b,Qwen3-1.7B,full,family,train_nonce_test_real_overlap,nonce -> real,2,0.7666666666666667,21,0.592183908045977,0.6380952380952379,0.5804761904761905,0.5725,0.386667 0.553333 0.653333 0.726667 0.740000 0.706667 0.700000 0.520000 0.600000 0.646667 0.686667 0.606667 0.600000 0.500000 0.600000 0.553333 0.506667 0.633333 0.480000 0.460000 0.733333 0.766667 0.560000 0.546667 0.553333 0.533333 0.533333 0.500000 0.586667
REP01_E05b,Qwen3-1.7B,full,family,train_nonce_test_real_overlap,nonce -> real,5,0.6,2,0.5140229885057471,0.48952380952380947,0.5071428571428572,0.5474999999999999,0.246667 0.426667 0.600000 0.540000 0.526667 0.533333 0.553333 0.480000 0.493333 0.466667 0.540000 0.500000 0.500000 0.500000 0.473333 0.486667 0.513333 0.506667 0.526667 0.513333 0.600000 0.600000 0.546667 0.526667 0.486667 0.560000 0.553333 0.546667 0.560000
REP01_E05b,Qwen3-1.7B,full,family,train_nonce_test_real_overlap,nonce -> real,10,0.5666666666666667,2,0.4296551724137931,0.4133333333333333,0.42333333333333334,0.455,0.306667 0.333333 0.566667 0.433333 0.453333 0.400000 0.400000 0.426667 0.426667 0.380000 0.406667 0.473333 0.473333 0.453333 0.433333 0.386667 0.393333 0.446667 0.386667 0.446667 0.393333 0.473333 0.480000 0.493333 0.440000 0.453333 0.440000 0.420000 0.440000
REP01_E06,Qwen3-8B,base,item,real_templates_random,real templates,0,0.9615384615384616,5,0.6309771309771312,0.8076923076923077,0.5897435897435898,0.5461538461538461,0.576923 0.730769 0.884615 0.884615 0.923077 0.961538 0.846154 0.730769 0.730769 0.730769 0.730769 0.692308 0.653846 0.576923 0.576923 0.461538 0.500000 0.500000 0.500000 0.538462 0.538462 0.538462 0.576923 0.653846 0.615385 0.615385 0.615385 0.615385 0.576923 0.576923 0.538462 0.538462 0.500000 0.500000 0.538462 0.538462 0.538462
REP01_E06,Qwen3-8B,base,item,real_templates_random,real templates,1,0.9230769230769231,4,0.6133056133056133,0.8076923076923077,0.5555555555555555,0.5423076923076924,0.538462 0.730769 0.884615 0.846154 0.923077 0.923077 0.884615 0.769231 0.769231 0.730769 0.692308 0.615385 0.615385 0.538462 0.500000 0.461538 0.461538 0.423077 0.423077 0.461538 0.461538 0.461538 0.500000 0.576923 0.692308 0.692308 0.692308 0.692308 0.615385 0.538462 0.538462 0.538462 0.500000 0.500000 0.461538 0.500000 0.538462
REP01_E06,Qwen3-8B,base,item,real_templates_random,real templates,2,0.9230769230769231,4,0.6091476091476091,0.7606837606837606,0.6025641025641024,0.48461538461538467,0.384615 0.730769 0.846154 0.807692 0.923077 0.846154 0.846154 0.692308 0.769231 0.730769 0.653846 0.653846 0.653846 0.615385 0.538462 0.500000 0.500000 0.461538 0.500000 0.538462 0.538462 0.576923 0.576923 0.692308 0.692308 0.730769 0.692308 0.653846 0.653846 0.500000 0.461538 0.461538 0.384615 0.423077 0.423077 0.461538 0.423077
REP01_E06,Qwen3-8B,base,item,real_templates_random,real templates,5,0.7307692307692307,6,0.48752598752598747,0.6196581196581197,0.485042735042735,0.37307692307692314,0.423077 0.538462 0.615385 0.692308 0.692308 0.692308 0.730769 0.615385 0.576923 0.615385 0.538462 0.538462 0.500000 0.500000 0.461538 0.384615 0.384615 0.423077 0.384615 0.346154 0.461538 0.423077 0.538462 0.538462 0.576923 0.576923 0.538462 0.500000 0.461538 0.423077 0.423077 0.346154 0.269231 0.230769 0.269231 0.346154 0.461538
REP01_E06,Qwen3-8B,base,item,real_templates_random,real templates,10,0.6923076923076923,5,0.32536382536382547,0.4871794871794872,0.23717948717948723,0.3384615384615385,0.346154 0.307692 0.307692 0.384615 0.576923 0.692308 0.653846 0.615385 0.500000 0.384615 0.346154 0.230769 0.230769 0.192308 0.076923 0.038462 0.115385 0.192308 0.153846 0.192308 0.192308 0.230769 0.192308 0.384615 0.307692 0.423077 0.384615 0.423077 0.384615 0.307692 0.346154 0.307692 0.307692 0.307692 0.307692 0.307692 0.384615
REP01_E06,Qwen3-8B,base,item,nonce_templates_heldout_roots,nonce held-out roots,0,1.0,8,0.8972972972972972,0.8833333333333333,0.8777777777777778,0.945,0.500000 0.750000 0.950000 0.950000 0.950000 0.950000 0.950000 0.950000 1.000000 1.000000 1.000000 1.000000 0.850000 0.850000 0.800000 0.750000 0.750000 0.800000 0.800000 0.850000 0.900000 0.900000 0.950000 0.900000 0.900000 0.900000 0.900000 0.900000 0.900000 0.950000 0.950000 0.950000 0.950000 1.000000 1.000000 0.950000 0.900000
REP01_E06,Qwen3-8B,base,item,nonce_templates_heldout_roots,nonce held-out roots,1,1.0,8,0.8972972972972972,0.8777777777777778,0.8805555555555556,0.945,0.450000 0.750000 0.950000 0.950000 0.950000 0.950000 0.950000 0.950000 1.000000 1.000000 1.000000 1.000000 0.850000 0.850000 0.850000 0.750000 0.750000 0.800000 0.800000 0.850000 0.900000 0.900000 0.950000 0.900000 0.900000 0.900000 0.900000 0.900000 0.900000 0.950000 0.950000 0.950000 0.950000 1.000000 1.000000 0.950000 0.900000
REP01_E06,Qwen3-8B,base,item,nonce_templates_heldout_roots,nonce held-out roots,2,1.0,8,0.8986486486486487,0.8777777777777778,0.8805555555555556,0.95,0.400000 0.800000 0.950000 0.950000 0.950000 0.950000 0.950000 0.950000 1.000000 0.950000 0.900000 0.950000 0.850000 0.900000 0.850000 0.800000 0.800000 0.800000 0.850000 0.900000 0.900000 0.900000 0.900000 0.900000 0.900000 0.900000 0.900000 0.900000 0.900000 0.950000 0.950000 0.950000 1.000000 1.000000 1.000000 0.950000 0.900000
REP01_E06,Qwen3-8B,base,item,nonce_templates_heldout_roots,nonce held-out roots,5,0.95,10,0.8216216216216216,0.6722222222222222,0.8444444444444444,0.915,0.200000 0.500000 0.650000 0.800000 0.850000 0.700000 0.750000 0.750000 0.850000 0.900000 0.950000 0.900000 0.800000 0.750000 0.850000 0.750000 0.750000 0.800000 0.800000 0.850000 0.900000 0.850000 0.750000 0.950000 0.900000 0.850000 0.900000 0.950000 0.900000 0.950000 0.900000 0.900000 0.900000 0.950000 0.950000 0.950000 0.800000
REP01_E06,Qwen3-8B,base,item,nonce_templates_heldout_roots,nonce held-out roots,10,0.9,17,0.7635135135135136,0.5666666666666668,0.8222222222222222,0.835,0.200000 0.450000 0.650000 0.800000 0.700000 0.550000 0.500000 0.600000 0.650000 0.800000 0.700000 0.700000 0.700000 0.800000 0.800000 0.850000 0.850000 0.900000 0.850000 0.900000 0.800000 0.900000 0.850000 0.900000 0.800000 0.850000 0.850000 0.850000 0.900000 0.900000 0.900000 0.850000 0.850000 0.800000 0.850000 0.700000 0.750000
REP01_E06,Qwen3-8B,base,item,train_real_test_nonce_overlap,real -> nonce,0,0.87,5,0.6664864864864865,0.7255555555555555,0.6538888888888889,0.636,0.440000 0.590000 0.730000 0.780000 0.860000 0.870000 0.830000 0.740000 0.690000 0.700000 0.640000 0.640000 0.630000 0.620000 0.630000 0.640000 0.650000 0.620000 0.630000 0.610000 0.660000 0.680000 0.700000 0.680000 0.680000 0.700000 0.660000 0.640000 0.640000 0.650000 0.640000 0.630000 0.630000 0.630000 0.640000 0.670000 0.590000
REP01_E06,Qwen3-8B,base,item,train_real_test_nonce_overlap,real -> nonce,1,0.85,4,0.5824324324324326,0.7355555555555555,0.5988888888888889,0.41500000000000004,0.310000 0.650000 0.780000 0.840000 0.850000 0.790000 0.760000 0.850000 0.790000 0.770000 0.760000 0.730000 0.680000 0.660000 0.670000 0.630000 0.590000 0.580000 0.550000 0.580000 0.600000 0.540000 0.530000 0.510000 0.480000 0.460000 0.460000 0.470000 0.460000 0.420000 0.400000 0.400000 0.370000 0.370000 0.380000 0.370000 0.510000
REP01_E06,Qwen3-8B,base,item,train_real_test_nonce_overlap,real -> nonce,2,0.87,5,0.6140540540540539,0.7122222222222222,0.6577777777777779,0.44700000000000006,0.240000 0.680000 0.790000 0.790000 0.630000 0.870000 0.750000 0.820000 0.840000 0.720000 0.640000 0.600000 0.740000 0.710000 0.710000 0.670000 0.650000 0.630000 0.570000 0.600000 0.640000 0.650000 0.700000 0.700000 0.690000 0.640000 0.580000 0.540000 0.500000 0.450000 0.420000 0.420000 0.360000 0.430000 0.400000 0.370000 0.580000
REP01_E06,Qwen3-8B,base,item,train_real_test_nonce_overlap,real -> nonce,5,0.62,3,0.32783783783783776,0.44000000000000006,0.2705555555555555,0.33,0.220000 0.420000 0.510000 0.620000 0.420000 0.430000 0.460000 0.450000 0.430000 0.470000 0.460000 0.380000 0.260000 0.290000 0.250000 0.190000 0.210000 0.130000 0.170000 0.160000 0.200000 0.200000 0.290000 0.240000 0.290000 0.350000 0.330000 0.330000 0.340000 0.320000 0.330000 0.300000 0.280000 0.300000 0.370000 0.360000 0.370000
REP01_E06,Qwen3-8B,base,item,train_real_test_nonce_overlap,real -> nonce,10,0.43,5,0.24945945945945946,0.30000000000000004,0.20166666666666666,0.29000000000000004,0.200000 0.320000 0.350000 0.260000 0.300000 0.430000 0.360000 0.260000 0.220000 0.260000 0.280000 0.220000 0.160000 0.160000 0.140000 0.130000 0.150000 0.120000 0.150000 0.160000 0.170000 0.180000 0.180000 0.230000 0.290000 0.330000 0.320000 0.330000 0.280000 0.290000 0.330000 0.320000 0.310000 0.260000 0.290000 0.250000 0.240000
REP01_E06,Qwen3-8B,base,item,train_nonce_test_real_overlap,nonce -> real,0,0.98,3,0.707027027027027,0.8466666666666667,0.6844444444444444,0.6220000000000001,0.560000 0.800000 0.960000 0.980000 0.880000 0.960000 0.880000 0.860000 0.740000 0.840000 0.880000 0.780000 0.720000 0.700000 0.660000 0.700000 0.660000 0.660000 0.680000 0.660000 0.640000 0.620000 0.620000 0.600000 0.620000 0.660000 0.620000 0.620000 0.600000 0.660000 0.600000 0.620000 0.620000 0.620000 0.620000 0.700000 0.560000
REP01_E06,Qwen3-8B,base,item,train_nonce_test_real_overlap,nonce -> real,1,0.94,3,0.7362162162162161,0.8155555555555556,0.7344444444444445,0.6679999999999999,0.320000 0.820000 0.920000 0.940000 0.860000 0.900000 0.860000 0.900000 0.820000 0.780000 0.800000 0.760000 0.740000 0.760000 0.680000 0.760000 0.700000 0.740000 0.760000 0.700000 0.700000 0.760000 0.720000 0.700000 0.720000 0.740000 0.700000 0.700000 0.640000 0.720000 0.680000 0.660000 0.700000 0.680000 0.660000 0.680000 0.560000
REP01_E06,Qwen3-8B,base,item,train_nonce_test_real_overlap,nonce -> real,2,0.94,3,0.7183783783783785,0.7088888888888889,0.7366666666666667,0.694,0.220000 0.740000 0.900000 0.940000 0.620000 0.780000 0.800000 0.660000 0.720000 0.700000 0.660000 0.580000 0.700000 0.800000 0.720000 0.780000 0.700000 0.740000 0.720000 0.660000 0.760000 0.780000 0.800000 0.820000 0.820000 0.760000 0.760000 0.780000 0.780000 0.760000 0.720000 0.640000 0.620000 0.620000 0.620000 0.720000 0.680000
REP01_E06,Qwen3-8B,base,item,train_nonce_test_real_overlap,nonce -> real,5,0.6,3,0.34972972972972977,0.42000000000000004,0.2822222222222222,0.40800000000000003,0.320000 0.340000 0.480000 0.600000 0.460000 0.400000 0.420000 0.360000 0.400000 0.520000 0.580000 0.480000 0.380000 0.320000 0.240000 0.140000 0.180000 0.200000 0.160000 0.200000 0.180000 0.200000 0.220000 0.240000 0.260000 0.320000 0.260000 0.320000 0.380000 0.380000 0.340000 0.360000 0.380000 0.440000 0.460000 0.480000 0.540000
REP01_E06,Qwen3-8B,base,item,train_nonce_test_real_overlap,nonce -> real,10,0.36,3,0.21837837837837842,0.25333333333333335,0.18555555555555556,0.246,0.180000 0.120000 0.320000 0.360000 0.320000 0.280000 0.180000 0.240000 0.280000 0.300000 0.240000 0.160000 0.180000 0.120000 0.140000 0.260000 0.200000 0.160000 0.140000 0.140000 0.120000 0.140000 0.160000 0.180000 0.200000 0.220000 0.280000 0.260000 0.240000 0.260000 0.280000 0.220000 0.280000 0.260000 0.240000 0.160000 0.260000
REP01_E06b,Qwen3-8B,full,family,real_templates_random,real templates,0,0.9305555555555556,6,0.7597597597597598,0.8317901234567902,0.7770061728395061,0.6638888888888889,0.486111 0.722222 0.861111 0.875000 0.902778 0.888889 0.930556 0.916667 0.902778 0.902778 0.875000 0.833333 0.819444 0.819444 0.805556 0.791667 0.763889 0.722222 0.708333 0.708333 0.750000 0.750000 0.750000 0.722222 0.763889 0.777778 0.722222 0.708333 0.694444 0.666667 0.652778 0.652778 0.652778 0.652778 0.666667 0.638889 0.652778
REP01_E06b,Qwen3-8B,full,family,real_templates_random,real templates,1,0.9305555555555556,6,0.7759009009009009,0.8271604938271606,0.7885802469135803,0.7069444444444446,0.500000 0.708333 0.861111 0.875000 0.861111 0.875000 0.930556 0.916667 0.916667 0.888889 0.875000 0.861111 0.819444 0.819444 0.777778 0.777778 0.763889 0.722222 0.763889 0.750000 0.777778 0.722222 0.750000 0.750000 0.763889 0.805556 0.805556 0.750000 0.763889 0.722222 0.708333 0.708333 0.708333 0.708333 0.666667 0.666667 0.666667
REP01_E06b,Qwen3-8B,full,family,real_templates_random,real templates,2,0.9305555555555556,8,0.7695195195195195,0.8209876543209877,0.7800925925925926,0.7041666666666666,0.569444 0.694444 0.847222 0.833333 0.875000 0.875000 0.847222 0.916667 0.930556 0.888889 0.861111 0.819444 0.819444 0.805556 0.763889 0.736111 0.763889 0.750000 0.736111 0.722222 0.763889 0.736111 0.763889 0.763889 0.791667 0.791667 0.763889 0.763889 0.763889 0.722222 0.694444 0.722222 0.694444 0.680556 0.694444 0.652778 0.652778
REP01_E06b,Qwen3-8B,full,family,real_templates_random,real templates,5,0.8333333333333334,8,0.6542792792792792,0.6234567901234568,0.7044753086419753,0.5916666666666666,0.263889 0.291667 0.680556 0.750000 0.638889 0.638889 0.750000 0.763889 0.833333 0.750000 0.763889 0.666667 0.708333 0.722222 0.680556 0.694444 0.652778 0.611111 0.625000 0.666667 0.638889 0.638889 0.763889 0.763889 0.763889 0.791667 0.777778 0.694444 0.694444 0.652778 0.611111 0.583333 0.583333 0.527778 0.583333 0.472222 0.513889
REP01_E06b,Qwen3-8B,full,family,real_templates_random,real templates,10,0.4861111111111111,5,0.32507507507507516,0.32716049382716045,0.32175925925925924,0.32916666666666666,0.222222 0.208333 0.250000 0.333333 0.375000 0.486111 0.291667 0.388889 0.388889 0.347222 0.319444 0.250000 0.236111 0.263889 0.291667 0.319444 0.305556 0.277778 0.250000 0.263889 0.319444 0.347222 0.402778 0.402778 0.458333 0.402778 0.333333 0.347222 0.305556 0.250000 0.319444 0.319444 0.305556 0.319444 0.388889 0.333333 0.402778
REP01_E06b,Qwen3-8B,full,family,nonce_templates_heldout_roots,nonce held-out roots,0,1.0,8,0.8972972972972972,0.8833333333333333,0.8777777777777778,0.945,0.500000 0.750000 0.950000 0.950000 0.950000 0.950000 0.950000 0.950000 1.000000 1.000000 1.000000 1.000000 0.850000 0.850000 0.800000 0.750000 0.750000 0.800000 0.800000 0.850000 0.900000 0.900000 0.950000 0.900000 0.900000 0.900000 0.900000 0.900000 0.900000 0.950000 0.950000 0.950000 0.950000 1.000000 1.000000 0.950000 0.900000
REP01_E06b,Qwen3-8B,full,family,nonce_templates_heldout_roots,nonce held-out roots,1,1.0,8,0.8986486486486487,0.8833333333333333,0.8805555555555556,0.945,0.500000 0.750000 0.950000 0.950000 0.950000 0.950000 0.950000 0.950000 1.000000 1.000000 1.000000 1.000000 0.850000 0.850000 0.850000 0.750000 0.750000 0.800000 0.800000 0.850000 0.900000 0.900000 0.950000 0.900000 0.900000 0.900000 0.900000 0.900000 0.900000 0.950000 0.950000 0.950000 0.950000 1.000000 1.000000 0.950000 0.900000
REP01_E06b,Qwen3-8B,full,family,nonce_templates_heldout_roots,nonce held-out roots,2,1.0,8,0.8986486486486487,0.8777777777777778,0.8805555555555556,0.95,0.450000 0.750000 0.950000 0.950000 0.950000 0.950000 0.950000 0.950000 1.000000 1.000000 1.000000 0.950000 0.850000 0.900000 0.800000 0.750000 0.800000 0.800000 0.800000 0.850000 0.900000 0.900000 0.950000 0.900000 0.900000 0.900000 0.900000 0.900000 0.900000 0.900000 0.950000 1.000000 1.000000 1.000000 1.000000 0.950000 0.900000
REP01_E06b,Qwen3-8B,full,family,nonce_templates_heldout_roots,nonce held-out roots,5,1.0,3,0.8959459459459461,0.8944444444444445,0.8611111111111112,0.9599999999999997,0.500000 0.750000 0.950000 1.000000 1.000000 0.950000 0.950000 0.950000 1.000000 0.950000 0.950000 0.900000 0.850000 0.900000 0.850000 0.800000 0.700000 0.800000 0.800000 0.850000 0.850000 0.850000 0.850000 0.900000 0.900000 0.900000 0.900000 0.950000 0.950000 0.950000 0.950000 0.950000 0.950000 1.000000 1.000000 0.950000 0.950000
REP01_E06b,Qwen3-8B,full,family,nonce_templates_heldout_roots,nonce held-out roots,10,1.0,3,0.8932432432432431,0.8444444444444444,0.8833333333333333,0.9549999999999998,0.400000 0.750000 0.900000 1.000000 1.000000 0.900000 0.900000 0.850000 0.900000 0.950000 0.900000 0.850000 0.850000 0.850000 0.850000 0.800000 0.800000 0.800000 0.850000 0.900000 0.950000 0.900000 0.900000 0.950000 0.950000 0.950000 0.900000 0.950000 0.950000 0.950000 0.950000 0.950000 0.950000 1.000000 1.000000 0.950000 0.900000
REP01_E06b,Qwen3-8B,full,family,train_real_test_nonce_overlap,real -> nonce,0,0.89,6,0.7154054054054054,0.7477777777777779,0.7188888888888888,0.6799999999999999,0.390000 0.600000 0.730000 0.760000 0.850000 0.860000 0.890000 0.840000 0.810000 0.780000 0.770000 0.720000 0.710000 0.710000 0.690000 0.690000 0.700000 0.690000 0.680000 0.660000 0.690000 0.700000 0.720000 0.760000 0.710000 0.780000 0.780000 0.730000 0.720000 0.670000 0.690000 0.690000 0.700000 0.670000 0.670000 0.630000 0.630000
REP01_E06b,Qwen3-8B,full,family,train_real_test_nonce_overlap,real -> nonce,1,0.94,6,0.6867567567567568,0.7744444444444443,0.6799999999999999,0.6199999999999999,0.400000 0.600000 0.800000 0.800000 0.840000 0.840000 0.940000 0.900000 0.850000 0.840000 0.800000 0.720000 0.680000 0.660000 0.650000 0.660000 0.610000 0.640000 0.620000 0.610000 0.620000 0.660000 0.680000 0.710000 0.710000 0.700000 0.670000 0.680000 0.660000 0.600000 0.620000 0.610000 0.590000 0.640000 0.620000 0.550000 0.630000
REP01_E06b,Qwen3-8B,full,family,train_real_test_nonce_overlap,real -> nonce,2,0.88,7,0.6924324324324324,0.7233333333333334,0.7088888888888889,0.635,0.340000 0.560000 0.730000 0.740000 0.830000 0.850000 0.760000 0.880000 0.820000 0.780000 0.700000 0.620000 0.620000 0.710000 0.670000 0.710000 0.710000 0.700000 0.690000 0.690000 0.720000 0.720000 0.770000 0.760000 0.750000 0.740000 0.700000 0.670000 0.690000 0.620000 0.650000 0.640000 0.630000 0.640000 0.660000 0.570000 0.580000
REP01_E06b,Qwen3-8B,full,family,train_real_test_nonce_overlap,real -> nonce,5,0.75,6,0.5789189189189189,0.6088888888888889,0.5933333333333333,0.526,0.340000 0.450000 0.640000 0.650000 0.570000 0.660000 0.750000 0.730000 0.690000 0.730000 0.630000 0.570000 0.590000 0.540000 0.570000 0.570000 0.530000 0.520000 0.490000 0.540000 0.510000 0.550000 0.610000 0.670000 0.690000 0.700000 0.670000 0.610000 0.580000 0.550000 0.520000 0.510000 0.530000 0.500000 0.490000 0.410000 0.560000
REP01_E06b,Qwen3-8B,full,family,train_real_test_nonce_overlap,real -> nonce,10,0.54,10,0.3894594594594595,0.3888888888888889,0.3677777777777778,0.429,0.300000 0.220000 0.370000 0.410000 0.440000 0.480000 0.350000 0.430000 0.500000 0.470000 0.540000 0.500000 0.350000 0.340000 0.310000 0.290000 0.290000 0.280000 0.370000 0.350000 0.320000 0.280000 0.320000 0.370000 0.430000 0.440000 0.370000 0.400000 0.430000 0.430000 0.420000 0.420000 0.400000 0.430000 0.480000 0.470000 0.410000
REP01_E06b,Qwen3-8B,full,family,train_nonce_test_real_overlap,nonce -> real,0,0.9066666666666666,5,0.7021621621621622,0.7918518518518519,0.6844444444444444,0.6533333333333333,0.373333 0.700000 0.826667 0.873333 0.840000 0.906667 0.886667 0.880000 0.840000 0.886667 0.866667 0.833333 0.753333 0.753333 0.680000 0.693333 0.633333 0.593333 0.560000 0.606667 0.640000 0.586667 0.666667 0.613333 0.633333 0.666667 0.653333 0.666667 0.673333 0.700000 0.626667 0.666667 0.673333 0.660000 0.633333 0.666667 0.566667
REP01_E06b,Qwen3-8B,full,family,train_nonce_test_real_overlap,nonce -> real,1,0.8866666666666667,7,0.696936936936937,0.7762962962962965,0.6866666666666666,0.6439999999999999,0.406667 0.640000 0.806667 0.853333 0.833333 0.840000 0.853333 0.886667 0.866667 0.866667 0.833333 0.820000 0.760000 0.753333 0.686667 0.700000 0.646667 0.613333 0.566667 0.606667 0.646667 0.593333 0.673333 0.613333 0.653333 0.660000 0.666667 0.660000 0.660000 0.680000 0.626667 0.660000 0.680000 0.666667 0.640000 0.633333 0.533333
REP01_E06b,Qwen3-8B,full,family,train_nonce_test_real_overlap,nonce -> real,2,0.86,7,0.7099099099099099,0.7066666666666666,0.69,0.7486666666666667,0.460000 0.580000 0.766667 0.720000 0.786667 0.726667 0.666667 0.860000 0.793333 0.726667 0.626667 0.566667 0.633333 0.753333 0.726667 0.706667 0.713333 0.666667 0.626667 0.600000 0.726667 0.680000 0.706667 0.700000 0.740000 0.746667 0.773333 0.766667 0.773333 0.766667 0.760000 0.800000 0.773333 0.746667 0.720000 0.766667 0.613333
REP01_E06b,Qwen3-8B,full,family,train_nonce_test_real_overlap,nonce -> real,5,0.74,6,0.5866666666666667,0.6340740740740741,0.585925925925926,0.5453333333333334,0.320000 0.473333 0.726667 0.726667 0.626667 0.693333 0.740000 0.706667 0.693333 0.713333 0.646667 0.573333 0.573333 0.613333 0.553333 0.546667 0.540000 0.500000 0.460000 0.493333 0.600000 0.586667 0.620000 0.593333 0.626667 0.666667 0.640000 0.626667 0.613333 0.606667 0.593333 0.513333 0.526667 0.473333 0.500000 0.500000 0.500000
REP01_E06b,Qwen3-8B,full,family,train_nonce_test_real_overlap,nonce -> real,10,0.5666666666666667,10,0.3908108108108108,0.4014814814814815,0.3781481481481481,0.404,0.180000 0.280000 0.426667 0.426667 0.413333 0.453333 0.446667 0.440000 0.546667 0.546667 0.566667 0.413333 0.360000 0.373333 0.353333 0.340000 0.366667 0.333333 0.320000 0.326667 0.313333 0.333333 0.380000 0.340000 0.400000 0.373333 0.366667 0.340000 0.366667 0.393333 0.420000 0.406667 0.393333 0.433333 0.426667 0.446667 0.413333
REP01_E07,Fanar-1-9B,base,item,real_templates_random,real templates,0,0.8846153846153846,5,0.7477638640429338,0.7346153846153844,0.770979020979021,0.7132867132867133,0.538462 0.500000 0.576923 0.730769 0.807692 0.884615 0.807692 0.846154 0.846154 0.807692 0.807692 0.769231 0.769231 0.769231 0.730769 0.769231 0.769231 0.769231 0.807692 0.730769 0.769231 0.807692 0.730769 0.730769 0.730769 0.769231 0.769231 0.769231 0.769231 0.807692 0.807692 0.807692 0.769231 0.769231 0.769231 0.769231 0.769231 0.730769 0.692308 0.692308 0.653846 0.615385 0.615385
REP01_E07,Fanar-1-9B,base,item,real_templates_random,real templates,1,0.8846153846153846,8,0.7710196779964221,0.7461538461538462,0.7972027972027974,0.7412587412587414,0.538462 0.500000 0.538462 0.807692 0.807692 0.846154 0.807692 0.846154 0.884615 0.884615 0.846154 0.807692 0.807692 0.807692 0.807692 0.807692 0.769231 0.807692 0.769231 0.769231 0.730769 0.769231 0.730769 0.807692 0.769231 0.807692 0.807692 0.807692 0.807692 0.807692 0.846154 0.846154 0.807692 0.807692 0.807692 0.807692 0.769231 0.730769 0.730769 0.730769 0.692308 0.653846 0.615385
REP01_E07,Fanar-1-9B,base,item,real_templates_random,real templates,2,0.8461538461538461,5,0.7164579606440072,0.723076923076923,0.743006993006993,0.6573426573426574,0.538462 0.500000 0.538462 0.807692 0.807692 0.846154 0.807692 0.807692 0.807692 0.769231 0.807692 0.769231 0.769231 0.730769 0.730769 0.730769 0.692308 0.730769 0.730769 0.692308 0.692308 0.692308 0.692308 0.692308 0.730769 0.769231 0.769231 0.769231 0.807692 0.846154 0.730769 0.769231 0.653846 0.692308 0.653846 0.653846 0.615385 0.653846 0.692308 0.653846 0.615385 0.692308 0.653846
REP01_E07,Fanar-1-9B,base,item,real_templates_random,real templates,5,0.7692307692307693,3,0.5992844364937389,0.5846153846153846,0.5804195804195804,0.6503496503496504,0.500000 0.461538 0.615385 0.769231 0.615385 0.730769 0.615385 0.615385 0.538462 0.384615 0.423077 0.307692 0.384615 0.576923 0.500000 0.500000 0.500000 0.538462 0.500000 0.615385 0.615385 0.576923 0.538462 0.653846 0.653846 0.653846 0.653846 0.576923 0.769231 0.769231 0.769231 0.692308 0.653846 0.653846 0.730769 0.653846 0.653846 0.730769 0.615385 0.615385 0.653846 0.615385 0.576923
REP01_E07,Fanar-1-9B,base,item,real_templates_random,real templates,10,0.6153846153846154,3,0.2942754919499106,0.2615384615384616,0.22202797202797206,0.46853146853146854,0.192308 0.307692 0.230769 0.615385 0.461538 0.384615 0.115385 0.115385 0.115385 0.076923 0.076923 0.115385 0.038462 0.000000 0.153846 0.115385 0.192308 0.153846 0.153846 0.192308 0.192308 0.192308 0.307692 0.346154 0.230769 0.269231 0.384615 0.346154 0.307692 0.230769 0.461538 0.423077 0.423077 0.461538 0.500000 0.461538 0.500000 0.538462 0.500000 0.461538 0.423077 0.423077 0.461538
REP01_E07,Fanar-1-9B,base,item,nonce_templates_heldout_roots,nonce held-out roots,0,1.0,3,0.7476744186046511,0.875,0.6590909090909091,0.809090909090909,0.450000 0.600000 0.950000 1.000000 1.000000 1.000000 0.950000 0.950000 0.950000 0.900000 0.850000 0.800000 0.800000 0.600000 0.550000 0.600000 0.550000 0.600000 0.550000 0.450000 0.550000 0.500000 0.450000 0.500000 0.500000 0.550000 0.600000 0.750000 0.950000 0.900000 0.950000 0.950000 0.900000 0.900000 0.800000 0.850000 0.850000 0.850000 0.800000 0.800000 0.750000 0.700000 0.700000
REP01_E07,Fanar-1-9B,base,item,nonce_templates_heldout_roots,nonce held-out roots,1,1.0,3,0.7313953488372092,0.8550000000000001,0.6409090909090908,0.7999999999999999,0.450000 0.500000 0.900000 1.000000 1.000000 1.000000 0.950000 0.950000 0.900000 0.900000 0.800000 0.800000 0.700000 0.600000 0.600000 0.550000 0.500000 0.600000 0.500000 0.450000 0.550000 0.500000 0.450000 0.450000 0.450000 0.500000 0.600000 0.750000 0.950000 0.900000 0.950000 0.950000 0.850000 0.850000 0.850000 0.850000 0.800000 0.800000 0.800000 0.800000 0.750000 0.750000 0.700000
REP01_E07,Fanar-1-9B,base,item,nonce_templates_heldout_roots,nonce held-out roots,2,1.0,3,0.7011627906976745,0.835,0.6,0.7818181818181817,0.450000 0.550000 0.950000 1.000000 1.000000 0.950000 0.900000 0.900000 0.850000 0.800000 0.750000 0.800000 0.750000 0.600000 0.550000 0.550000 0.600000 0.550000 0.500000 0.350000 0.450000 0.350000 0.350000 0.400000 0.400000 0.450000 0.500000 0.650000 0.900000 0.850000 0.950000 0.950000 0.850000 0.800000 0.800000 0.800000 0.800000 0.800000 0.800000 0.750000 0.750000 0.750000 0.700000
REP01_E07,Fanar-1-9B,base,item,nonce_templates_heldout_roots,nonce held-out roots,5,0.95,30,0.6872093023255814,0.6849999999999999,0.6249999999999999,0.8136363636363636,0.250000 0.550000 0.800000 0.600000 0.600000 0.700000 0.850000 0.800000 0.850000 0.850000 0.900000 0.800000 0.700000 0.650000 0.550000 0.500000 0.600000 0.550000 0.450000 0.450000 0.450000 0.450000 0.450000 0.400000 0.400000 0.450000 0.600000 0.750000 0.900000 0.850000 0.950000 0.950000 0.850000 0.850000 0.850000 0.850000 0.850000 0.850000 0.800000 0.800000 0.750000 0.800000 0.700000
REP01_E07,Fanar-1-9B,base,item,nonce_templates_heldout_roots,nonce held-out roots,10,0.9,28,0.5906976744186047,0.47000000000000003,0.5681818181818182,0.7454545454545454,0.250000 0.350000 0.450000 0.400000 0.350000 0.250000 0.650000 0.600000 0.650000 0.750000 0.700000 0.650000 0.650000 0.500000 0.600000 0.400000 0.350000 0.350000 0.400000 0.450000 0.450000 0.500000 0.400000 0.400000 0.450000 0.450000 0.550000 0.700000 0.900000 0.850000 0.900000 0.900000 0.800000 0.700000 0.750000 0.850000 0.750000 0.800000 0.750000 0.850000 0.700000 0.600000 0.650000
REP01_E07,Fanar-1-9B,base,item,train_real_test_nonce_overlap,real -> nonce,0,0.82,5,0.5727906976744186,0.6160000000000001,0.5218181818181818,0.6354545454545455,0.470000 0.490000 0.430000 0.490000 0.760000 0.820000 0.770000 0.670000 0.650000 0.610000 0.610000 0.580000 0.590000 0.570000 0.530000 0.520000 0.470000 0.460000 0.440000 0.460000 0.450000 0.450000 0.440000 0.430000 0.440000 0.460000 0.500000 0.500000 0.580000 0.630000 0.670000 0.700000 0.660000 0.640000 0.680000 0.660000 0.650000 0.640000 0.660000 0.610000 0.630000 0.590000 0.570000
REP01_E07,Fanar-1-9B,base,item,train_real_test_nonce_overlap,real -> nonce,1,0.76,4,0.546279069767442,0.575,0.5640909090909092,0.48454545454545456,0.440000 0.460000 0.430000 0.500000 0.760000 0.630000 0.560000 0.720000 0.610000 0.640000 0.610000 0.530000 0.560000 0.540000 0.520000 0.420000 0.480000 0.540000 0.500000 0.520000 0.510000 0.540000 0.530000 0.510000 0.580000 0.570000 0.580000 0.640000 0.720000 0.630000 0.710000 0.670000 0.580000 0.480000 0.480000 0.470000 0.430000 0.450000 0.450000 0.450000 0.480000 0.530000 0.530000
REP01_E07,Fanar-1-9B,base,item,train_real_test_nonce_overlap,real -> nonce,2,0.76,4,0.44348837209302316,0.499,0.4359090909090909,0.4081818181818182,0.410000 0.330000 0.430000 0.540000 0.760000 0.490000 0.520000 0.570000 0.490000 0.450000 0.480000 0.440000 0.390000 0.400000 0.380000 0.530000 0.540000 0.380000 0.430000 0.310000 0.430000 0.430000 0.410000 0.350000 0.400000 0.380000 0.420000 0.430000 0.580000 0.500000 0.510000 0.470000 0.400000 0.410000 0.430000 0.390000 0.390000 0.400000 0.390000 0.380000 0.340000 0.410000 0.550000
REP01_E07,Fanar-1-9B,base,item,train_real_test_nonce_overlap,real -> nonce,5,0.53,28,0.34511627906976744,0.281,0.37363636363636366,0.3463636363636364,0.210000 0.230000 0.370000 0.500000 0.290000 0.330000 0.140000 0.190000 0.220000 0.330000 0.340000 0.340000 0.330000 0.360000 0.360000 0.330000 0.350000 0.260000 0.280000 0.290000 0.350000 0.340000 0.350000 0.390000 0.360000 0.410000 0.370000 0.440000 0.530000 0.480000 0.530000 0.430000 0.430000 0.400000 0.370000 0.360000 0.320000 0.400000 0.310000 0.290000 0.310000 0.290000 0.330000
REP01_E07,Fanar-1-9B,base,item,train_real_test_nonce_overlap,real -> nonce,10,0.36,3,0.22093023255813957,0.176,0.22454545454545452,0.2545454545454545,0.220000 0.270000 0.290000 0.360000 0.250000 0.110000 0.030000 0.060000 0.030000 0.140000 0.190000 0.210000 0.190000 0.220000 0.190000 0.200000 0.210000 0.190000 0.180000 0.270000 0.280000 0.240000 0.230000 0.270000 0.280000 0.220000 0.240000 0.170000 0.240000 0.260000 0.220000 0.240000 0.280000 0.320000 0.270000 0.280000 0.260000 0.280000 0.270000 0.210000 0.190000 0.210000 0.230000
REP01_E07,Fanar-1-9B,base,item,train_nonce_test_real_overlap,nonce -> real,0,0.94,5,0.8041860465116278,0.8,0.829090909090909,0.7581818181818182,0.420000 0.540000 0.740000 0.840000 0.900000 0.940000 0.920000 0.900000 0.920000 0.880000 0.900000 0.840000 0.920000 0.940000 0.880000 0.840000 0.740000 0.780000 0.760000 0.720000 0.740000 0.740000 0.820000 0.800000 0.760000 0.840000 0.860000 0.840000 0.940000 0.920000 0.860000 0.800000 0.780000 0.800000 0.780000 0.780000 0.760000 0.740000 0.740000 0.740000 0.760000 0.720000 0.740000
REP01_E07,Fanar-1-9B,base,item,train_nonce_test_real_overlap,nonce -> real,1,0.94,28,0.7790697674418605,0.678,0.8154545454545453,0.7981818181818181,0.340000 0.480000 0.660000 0.720000 0.860000 0.460000 0.620000 0.900000 0.880000 0.860000 0.860000 0.840000 0.820000 0.860000 0.800000 0.760000 0.820000 0.780000 0.700000 0.700000 0.780000 0.760000 0.840000 0.780000 0.700000 0.800000 0.860000 0.860000 0.940000 0.920000 0.900000 0.860000 0.880000 0.860000 0.880000 0.860000 0.820000 0.820000 0.800000 0.740000 0.740000 0.680000 0.700000
REP01_E07,Fanar-1-9B,base,item,train_nonce_test_real_overlap,nonce -> real,2,0.86,4,0.6623255813953488,0.636,0.6509090909090909,0.7090909090909091,0.320000 0.500000 0.620000 0.720000 0.860000 0.640000 0.680000 0.700000 0.660000 0.660000 0.600000 0.560000 0.500000 0.560000 0.520000 0.800000 0.780000 0.540000 0.580000 0.540000 0.620000 0.620000 0.640000 0.580000 0.560000 0.680000 0.740000 0.780000 0.780000 0.760000 0.800000 0.780000 0.740000 0.740000 0.760000 0.720000 0.720000 0.700000 0.700000 0.700000 0.700000 0.660000 0.660000
REP01_E07,Fanar-1-9B,base,item,train_nonce_test_real_overlap,nonce -> real,5,0.66,29,0.406046511627907,0.262,0.43636363636363634,0.4763636363636364,0.260000 0.260000 0.320000 0.340000 0.240000 0.320000 0.140000 0.220000 0.220000 0.300000 0.380000 0.340000 0.220000 0.380000 0.320000 0.360000 0.340000 0.300000 0.360000 0.420000 0.420000 0.420000 0.480000 0.400000 0.420000 0.440000 0.540000 0.520000 0.620000 0.660000 0.640000 0.620000 0.580000 0.560000 0.520000 0.460000 0.460000 0.500000 0.460000 0.440000 0.440000 0.400000 0.420000
REP01_E07,Fanar-1-9B,base,item,train_nonce_test_real_overlap,nonce -> real,10,0.34,27,0.19720930232558137,0.11800000000000002,0.22727272727272724,0.2090909090909091,0.080000 0.180000 0.240000 0.080000 0.120000 0.060000 0.060000 0.100000 0.140000 0.120000 0.180000 0.220000 0.180000 0.220000 0.280000 0.200000 0.180000 0.180000 0.160000 0.240000 0.240000 0.280000 0.220000 0.240000 0.220000 0.240000 0.240000 0.340000 0.260000 0.260000 0.240000 0.180000 0.220000 0.240000 0.160000 0.160000 0.260000 0.240000 0.280000 0.200000 0.200000 0.120000 0.220000
REP01_E07b,Fanar-1-9B,full,family,real_templates_random,real templates,0,0.9444444444444444,7,0.7858527131782945,0.7472222222222222,0.7948232323232323,0.8030303030303031,0.458333 0.416667 0.555556 0.638889 0.847222 0.902778 0.888889 0.944444 0.902778 0.916667 0.875000 0.888889 0.847222 0.833333 0.805556 0.791667 0.777778 0.736111 0.708333 0.694444 0.694444 0.722222 0.722222 0.722222 0.763889 0.791667 0.805556 0.819444 0.902778 0.875000 0.861111 0.847222 0.833333 0.819444 0.777778 0.805556 0.819444 0.819444 0.819444 0.791667 0.777778 0.791667 0.777778
REP01_E07b,Fanar-1-9B,full,family,real_templates_random,real templates,1,0.9305555555555556,7,0.7761627906976745,0.7263888888888889,0.7891414141414141,0.7954545454545454,0.416667 0.375000 0.569444 0.625000 0.805556 0.861111 0.833333 0.930556 0.916667 0.930556 0.875000 0.847222 0.847222 0.805556 0.805556 0.805556 0.791667 0.750000 0.736111 0.736111 0.694444 0.722222 0.722222 0.750000 0.736111 0.763889 0.777778 0.791667 0.847222 0.847222 0.861111 0.847222 0.833333 0.805556 0.805556 0.791667 0.805556 0.819444 0.819444 0.791667 0.777778 0.736111 0.763889
REP01_E07b,Fanar-1-9B,full,family,real_templates_random,real templates,2,0.9027777777777778,8,0.7490310077519379,0.6722222222222222,0.7714646464646464,0.773989898989899,0.361111 0.347222 0.555556 0.569444 0.722222 0.736111 0.763889 0.875000 0.902778 0.888889 0.861111 0.875000 0.861111 0.777778 0.791667 0.750000 0.777778 0.736111 0.694444 0.680556 0.638889 0.652778 0.680556 0.722222 0.763889 0.763889 0.791667 0.791667 0.875000 0.847222 0.833333 0.805556 0.791667 0.819444 0.763889 0.805556 0.791667 0.777778 0.750000 0.750000 0.736111 0.763889 0.763889
REP01_E07b,Fanar-1-9B,full,family,real_templates_random,real templates,5,0.8333333333333334,28,0.623062015503876,0.4625,0.6496212121212122,0.7159090909090909,0.208333 0.263889 0.388889 0.402778 0.513889 0.583333 0.597222 0.652778 0.541667 0.472222 0.500000 0.513889 0.472222 0.583333 0.541667 0.611111 0.652778 0.569444 0.625000 0.583333 0.527778 0.569444 0.611111 0.708333 0.777778 0.777778 0.736111 0.777778 0.833333 0.791667 0.763889 0.763889 0.750000 0.750000 0.694444 0.722222 0.708333 0.722222 0.694444 0.694444 0.694444 0.722222 0.722222
REP01_E07b,Fanar-1-9B,full,family,real_templates_random,real templates,10,0.5972222222222222,42,0.32719638242894056,0.23055555555555554,0.29419191919191917,0.4810606060606061,0.222222 0.222222 0.222222 0.236111 0.222222 0.250000 0.208333 0.236111 0.263889 0.222222 0.180556 0.222222 0.236111 0.236111 0.277778 0.319444 0.291667 0.263889 0.208333 0.208333 0.194444 0.236111 0.305556 0.333333 0.486111 0.430556 0.347222 0.347222 0.347222 0.319444 0.361111 0.319444 0.333333 0.361111 0.388889 0.402778 0.458333 0.527778 0.555556 0.555556 0.541667 0.569444 0.597222
REP01_E07b,Fanar-1-9B,full,family,nonce_templates_heldout_roots,nonce held-out roots,0,1.0,3,0.7476744186046511,0.875,0.6590909090909091,0.809090909090909,0.450000 0.600000 0.950000 1.000000 1.000000 1.000000 0.950000 0.950000 0.950000 0.900000 0.850000 0.800000 0.800000 0.600000 0.550000 0.600000 0.550000 0.600000 0.550000 0.450000 0.550000 0.500000 0.450000 0.500000 0.500000 0.550000 0.600000 0.750000 0.950000 0.900000 0.950000 0.950000 0.900000 0.900000 0.800000 0.850000 0.850000 0.850000 0.800000 0.800000 0.750000 0.700000 0.700000
REP01_E07b,Fanar-1-9B,full,family,nonce_templates_heldout_roots,nonce held-out roots,1,1.0,3,0.7313953488372092,0.8700000000000001,0.6363636363636362,0.7954545454545454,0.450000 0.600000 0.950000 1.000000 1.000000 1.000000 0.950000 0.950000 0.900000 0.900000 0.800000 0.800000 0.750000 0.600000 0.550000 0.550000 0.550000 0.600000 0.500000 0.450000 0.550000 0.450000 0.400000 0.450000 0.450000 0.500000 0.600000 0.750000 0.950000 0.850000 0.950000 0.950000 0.900000 0.800000 0.800000 0.850000 0.800000 0.800000 0.800000 0.800000 0.750000 0.750000 0.700000
REP01_E07b,Fanar-1-9B,full,family,nonce_templates_heldout_roots,nonce held-out roots,2,1.0,3,0.7290697674418604,0.86,0.6363636363636362,0.7954545454545454,0.450000 0.550000 0.950000 1.000000 1.000000 1.000000 0.950000 0.950000 0.850000 0.900000 0.850000 0.800000 0.750000 0.550000 0.550000 0.550000 0.550000 0.550000 0.500000 0.450000 0.550000 0.450000 0.400000 0.500000 0.450000 0.500000 0.550000 0.800000 0.950000 0.850000 0.950000 0.950000 0.900000 0.800000 0.800000 0.800000 0.850000 0.800000 0.800000 0.800000 0.750000 0.750000 0.700000
REP01_E07b,Fanar-1-9B,full,family,nonce_templates_heldout_roots,nonce held-out roots,5,1.0,3,0.7372093023255814,0.8550000000000001,0.6477272727272726,0.809090909090909,0.400000 0.550000 0.950000 1.000000 1.000000 0.950000 0.950000 0.950000 0.900000 0.900000 0.850000 0.800000 0.700000 0.550000 0.550000 0.550000 0.550000 0.550000 0.500000 0.500000 0.550000 0.500000 0.450000 0.450000 0.550000 0.550000 0.650000 0.750000 0.950000 0.850000 0.950000 0.950000 0.800000 0.850000 0.850000 0.850000 0.900000 0.850000 0.800000 0.800000 0.750000 0.750000 0.700000
REP01_E07b,Fanar-1-9B,full,family,nonce_templates_heldout_roots,nonce held-out roots,10,0.95,6,0.7337209302325581,0.79,0.6704545454545453,0.809090909090909,0.300000 0.550000 0.800000 0.850000 0.900000 0.900000 0.950000 0.900000 0.900000 0.850000 0.800000 0.800000 0.650000 0.550000 0.550000 0.600000 0.600000 0.600000 0.550000 0.600000 0.600000 0.600000 0.550000 0.600000 0.500000 0.550000 0.600000 0.750000 0.950000 0.850000 0.950000 0.950000 0.850000 0.850000 0.850000 0.850000 0.850000 0.850000 0.800000 0.800000 0.750000 0.750000 0.700000
REP01_E07b,Fanar-1-9B,full,family,train_real_test_nonce_overlap,real -> nonce,0,0.77,5,0.5790697674418606,0.5999999999999999,0.5545454545454548,0.6090909090909091,0.380000 0.360000 0.410000 0.620000 0.760000 0.770000 0.690000 0.690000 0.690000 0.630000 0.610000 0.590000 0.600000 0.580000 0.550000 0.560000 0.510000 0.520000 0.520000 0.510000 0.500000 0.490000 0.490000 0.500000 0.510000 0.520000 0.540000 0.550000 0.630000 0.640000 0.640000 0.640000 0.640000 0.640000 0.640000 0.640000 0.640000 0.640000 0.620000 0.590000 0.600000 0.520000 0.530000
REP01_E07b,Fanar-1-9B,full,family,train_real_test_nonce_overlap,real -> nonce,1,0.74,8,0.5232558139534884,0.5319999999999999,0.5354545454545455,0.49090909090909085,0.380000 0.340000 0.390000 0.580000 0.660000 0.580000 0.500000 0.440000 0.740000 0.710000 0.600000 0.410000 0.370000 0.460000 0.390000 0.360000 0.460000 0.540000 0.560000 0.550000 0.540000 0.510000 0.530000 0.530000 0.570000 0.630000 0.640000 0.570000 0.720000 0.550000 0.680000 0.610000 0.480000 0.460000 0.440000 0.420000 0.420000 0.420000 0.450000 0.620000 0.600000 0.540000 0.550000
REP01_E07b,Fanar-1-9B,full,family,train_real_test_nonce_overlap,real -> nonce,2,0.74,28,0.5090697674418605,0.5559999999999999,0.49909090909090903,0.48636363636363633,0.350000 0.350000 0.380000 0.520000 0.690000 0.710000 0.670000 0.660000 0.590000 0.640000 0.560000 0.530000 0.510000 0.450000 0.450000 0.560000 0.440000 0.480000 0.500000 0.470000 0.410000 0.430000 0.450000 0.410000 0.390000 0.410000 0.470000 0.530000 0.740000 0.620000 0.600000 0.570000 0.540000 0.480000 0.470000 0.520000 0.500000 0.470000 0.460000 0.450000 0.460000 0.530000 0.470000
REP01_E07b,Fanar-1-9B,full,family,train_real_test_nonce_overlap,real -> nonce,5,0.69,29,0.4993023255813953,0.49800000000000005,0.5109090909090909,0.4772727272727273,0.410000 0.330000 0.490000 0.480000 0.450000 0.420000 0.550000 0.580000 0.610000 0.660000 0.640000 0.560000 0.590000 0.460000 0.490000 0.410000 0.410000 0.480000 0.440000 0.450000 0.430000 0.430000 0.440000 0.470000 0.490000 0.480000 0.500000 0.610000 0.590000 0.690000 0.630000 0.550000 0.460000 0.510000 0.480000 0.500000 0.500000 0.460000 0.500000 0.480000 0.440000 0.430000 0.490000
REP01_E07b,Fanar-1-9B,full,family,train_real_test_nonce_overlap,real -> nonce,10,0.52,27,0.37976744186046507,0.277,0.4245454545454546,0.3836363636363637,0.180000 0.240000 0.350000 0.200000 0.200000 0.250000 0.250000 0.350000 0.320000 0.430000 0.340000 0.380000 0.370000 0.390000 0.430000 0.390000 0.380000 0.370000 0.370000 0.430000 0.420000 0.440000 0.420000 0.400000 0.470000 0.500000 0.470000 0.520000 0.470000 0.430000 0.470000 0.480000 0.450000 0.410000 0.340000 0.390000 0.390000 0.440000 0.430000 0.420000 0.440000 0.240000 0.270000
REP01_E07b,Fanar-1-9B,full,family,train_nonce_test_real_overlap,nonce -> real,0,0.86,6,0.7187596899224806,0.7186666666666668,0.7318181818181819,0.6927272727272726,0.326667 0.433333 0.640000 0.773333 0.813333 0.846667 0.860000 0.853333 0.860000 0.780000 0.773333 0.726667 0.786667 0.806667 0.740000 0.720000 0.640000 0.666667 0.673333 0.653333 0.646667 0.720000 0.706667 0.706667 0.680000 0.746667 0.746667 0.766667 0.840000 0.793333 0.813333 0.746667 0.733333 0.753333 0.726667 0.693333 0.706667 0.653333 0.686667 0.686667 0.680000 0.653333 0.646667
REP01_E07b,Fanar-1-9B,full,family,train_nonce_test_real_overlap,nonce -> real,1,0.8466666666666667,8,0.7031007751937984,0.6813333333333332,0.7142424242424242,0.7006060606060607,0.326667 0.440000 0.586667 0.720000 0.766667 0.786667 0.793333 0.793333 0.846667 0.753333 0.753333 0.713333 0.706667 0.773333 0.720000 0.700000 0.693333 0.673333 0.633333 0.620000 0.606667 0.660000 0.660000 0.633333 0.626667 0.746667 0.766667 0.746667 0.846667 0.806667 0.846667 0.780000 0.760000 0.753333 0.733333 0.740000 0.693333 0.640000 0.693333 0.713333 0.673333 0.646667 0.660000
REP01_E07b,Fanar-1-9B,full,family,train_nonce_test_real_overlap,nonce -> real,2,0.7466666666666667,28,0.6275968992248062,0.5933333333333334,0.6169696969696968,0.6799999999999998,0.353333 0.413333 0.600000 0.686667 0.593333 0.673333 0.653333 0.653333 0.660000 0.646667 0.633333 0.586667 0.646667 0.613333 0.606667 0.673333 0.613333 0.566667 0.533333 0.540000 0.520000 0.533333 0.526667 0.520000 0.546667 0.626667 0.660000 0.680000 0.746667 0.733333 0.746667 0.720000 0.700000 0.720000 0.666667 0.706667 0.693333 0.686667 0.706667 0.666667 0.673333 0.640000 0.620000
REP01_E07b,Fanar-1-9B,full,family,train_nonce_test_real_overlap,nonce -> real,5,0.7333333333333333,28,0.5648062015503877,0.5419999999999999,0.5742424242424241,0.5666666666666665,0.280000 0.466667 0.573333 0.633333 0.506667 0.513333 0.593333 0.633333 0.606667 0.613333 0.600000 0.546667 0.506667 0.486667 0.540000 0.513333 0.493333 0.533333 0.553333 0.553333 0.520000 0.586667 0.533333 0.533333 0.520000 0.613333 0.653333 0.600000 0.733333 0.686667 0.693333 0.633333 0.566667 0.600000 0.606667 0.600000 0.580000 0.566667 0.586667 0.533333 0.533333 0.526667 0.533333
REP01_E07b,Fanar-1-9B,full,family,train_nonce_test_real_overlap,nonce -> real,10,0.5466666666666666,27,0.42713178294573645,0.3706666666666667,0.4412121212121212,0.4503030303030302,0.286667 0.360000 0.386667 0.393333 0.306667 0.360000 0.386667 0.466667 0.366667 0.393333 0.393333 0.406667 0.300000 0.360000 0.420000 0.420000 0.446667 0.446667 0.433333 0.473333 0.446667 0.493333 0.413333 0.393333 0.460000 0.486667 0.506667 0.546667 0.486667 0.460000 0.473333 0.440000 0.406667 0.446667 0.426667 0.473333 0.486667 0.506667 0.486667 0.493333 0.486667 0.406667 0.333333
REP01_E08,ALLaM-7B,base,item,real_templates_random,real templates,0,0.6923076923076923,13,0.6445221445221446,0.6153846153846154,0.6658653846153846,0.6324786324786325,0.615385 0.615385 0.538462 0.576923 0.653846 0.653846 0.653846 0.615385 0.653846 0.653846 0.653846 0.653846 0.653846 0.692308 0.692308 0.692308 0.692308 0.692308 0.615385 0.615385 0.615385 0.692308 0.692308 0.692308 0.653846 0.653846 0.653846 0.653846 0.653846 0.615385 0.653846 0.615385 0.538462
REP01_E08,ALLaM-7B,base,item,real_templates_random,real templates,1,0.7307692307692307,3,0.6794871794871795,0.6682692307692308,0.6899038461538461,0.6709401709401709,0.615385 0.615385 0.692308 0.730769 0.653846 0.692308 0.692308 0.653846 0.653846 0.692308 0.692308 0.692308 0.730769 0.730769 0.692308 0.692308 0.692308 0.692308 0.692308 0.692308 0.692308 0.653846 0.692308 0.653846 0.692308 0.692308 0.692308 0.730769 0.730769 0.653846 0.653846 0.615385 0.576923
REP01_E08,ALLaM-7B,base,item,real_templates_random,real templates,2,0.7307692307692307,10,0.6853146853146853,0.6490384615384615,0.7139423076923076,0.6666666666666666,0.615385 0.615385 0.692308 0.692308 0.653846 0.615385 0.615385 0.692308 0.692308 0.692308 0.730769 0.692308 0.730769 0.730769 0.730769 0.730769 0.692308 0.730769 0.730769 0.730769 0.730769 0.692308 0.692308 0.692308 0.730769 0.692308 0.692308 0.692308 0.692308 0.653846 0.653846 0.615385 0.576923
REP01_E08,ALLaM-7B,base,item,real_templates_random,real templates,5,0.7307692307692307,26,0.6013986013986015,0.5576923076923077,0.59375,0.6538461538461537,0.615385 0.461538 0.653846 0.538462 0.576923 0.538462 0.538462 0.538462 0.500000 0.500000 0.576923 0.538462 0.538462 0.576923 0.615385 0.576923 0.576923 0.576923 0.615385 0.653846 0.653846 0.653846 0.653846 0.692308 0.692308 0.692308 0.730769 0.653846 0.615385 0.653846 0.653846 0.615385 0.576923
REP01_E08,ALLaM-7B,base,item,real_templates_random,real templates,10,0.6538461538461539,0,0.42890442890442887,0.3653846153846154,0.41346153846153844,0.5128205128205128,0.653846 0.192308 0.230769 0.384615 0.423077 0.346154 0.346154 0.346154 0.346154 0.346154 0.384615 0.461538 0.423077 0.423077 0.384615 0.307692 0.384615 0.346154 0.384615 0.384615 0.423077 0.500000 0.538462 0.576923 0.538462 0.500000 0.500000 0.461538 0.538462 0.538462 0.538462 0.461538 0.538462
REP01_E08,ALLaM-7B,base,item,nonce_templates_heldout_roots,nonce held-out roots,0,1.0,4,0.9545454545454547,0.875,0.996875,0.9500000000000001,0.450000 0.750000 0.850000 0.950000 1.000000 1.000000 1.000000 1.000000 1.000000 1.000000 1.000000 1.000000 1.000000 1.000000 0.950000 1.000000 1.000000 1.000000 1.000000 1.000000 1.000000 1.000000 1.000000 1.000000 1.000000 0.950000 1.000000 0.950000 1.000000 0.950000 1.000000 0.900000 0.800000
REP01_E08,ALLaM-7B,base,item,nonce_templates_heldout_roots,nonce held-out roots,1,1.0,4,0.9515151515151515,0.8625,0.996875,0.9500000000000001,0.400000 0.750000 0.800000 0.950000 1.000000 1.000000 1.000000 1.000000 1.000000 1.000000 1.000000 1.000000 1.000000 1.000000 0.950000 1.000000 1.000000 1.000000 1.000000 1.000000 1.000000 1.000000 1.000000 1.000000 1.000000 0.950000 1.000000 0.950000 1.000000 0.950000 1.000000 0.900000 0.800000
REP01_E08,ALLaM-7B,base,item,nonce_templates_heldout_roots,nonce held-out roots,2,1.0,4,0.9409090909090909,0.825,0.996875,0.9444444444444444,0.100000 0.650000 0.900000 0.950000 1.000000 1.000000 1.000000 1.000000 1.000000 1.000000 1.000000 1.000000 1.000000 1.000000 0.950000 1.000000 1.000000 1.000000 1.000000 1.000000 1.000000 1.000000 1.000000 1.000000 1.000000 0.950000 1.000000 0.950000 1.000000 0.950000 0.950000 0.900000 0.800000
REP01_E08,ALLaM-7B,base,item,nonce_templates_heldout_roots,nonce held-out roots,5,1.0,4,0.7227272727272728,0.8062499999999999,0.65625,0.7666666666666667,0.100000 0.550000 0.850000 0.950000 1.000000 1.000000 1.000000 1.000000 1.000000 1.000000 1.000000 0.900000 0.750000 0.750000 0.800000 0.550000 0.500000 0.500000 0.450000 0.500000 0.450000 0.400000 0.450000 0.500000 0.600000 0.800000 0.800000 0.750000 0.850000 0.750000 0.800000 0.750000 0.800000
REP01_E08,ALLaM-7B,base,item,nonce_templates_heldout_roots,nonce held-out roots,10,1.0,4,0.4712121212121212,0.76875,0.340625,0.4388888888888889,0.150000 0.450000 0.600000 0.950000 1.000000 1.000000 1.000000 1.000000 0.950000 0.650000 0.500000 0.400000 0.250000 0.250000 0.300000 0.250000 0.250000 0.250000 0.200000 0.200000 0.250000 0.250000 0.200000 0.300000 0.350000 0.300000 0.450000 0.450000 0.400000 0.500000 0.500000 0.400000 0.600000
REP01_E08,ALLaM-7B,base,item,train_real_test_nonce_overlap,real -> nonce,0,0.63,4,0.5196969696969697,0.5137499999999999,0.5262500000000001,0.5133333333333333,0.430000 0.410000 0.430000 0.570000 0.630000 0.610000 0.490000 0.540000 0.520000 0.550000 0.580000 0.530000 0.530000 0.540000 0.540000 0.520000 0.470000 0.520000 0.510000 0.530000 0.510000 0.530000 0.520000 0.520000 0.550000 0.560000 0.550000 0.520000 0.550000 0.540000 0.440000 0.530000 0.380000
REP01_E08,ALLaM-7B,base,item,train_real_test_nonce_overlap,real -> nonce,1,0.71,13,0.6139393939393941,0.5700000000000001,0.651875,0.5855555555555555,0.420000 0.480000 0.450000 0.630000 0.630000 0.680000 0.630000 0.640000 0.620000 0.640000 0.670000 0.670000 0.690000 0.710000 0.680000 0.680000 0.670000 0.620000 0.620000 0.650000 0.610000 0.650000 0.590000 0.660000 0.640000 0.630000 0.600000 0.640000 0.620000 0.610000 0.560000 0.550000 0.420000
REP01_E08,ALLaM-7B,base,item,train_real_test_nonce_overlap,real -> nonce,2,0.76,4,0.6184848484848485,0.585,0.6512500000000001,0.5900000000000001,0.340000 0.440000 0.490000 0.650000 0.760000 0.710000 0.680000 0.610000 0.470000 0.450000 0.560000 0.750000 0.640000 0.700000 0.690000 0.700000 0.670000 0.680000 0.680000 0.690000 0.640000 0.680000 0.710000 0.710000 0.650000 0.690000 0.620000 0.670000 0.600000 0.620000 0.540000 0.480000 0.440000
REP01_E08,ALLaM-7B,base,item,train_real_test_nonce_overlap,real -> nonce,5,0.76,4,0.38606060606060605,0.5775,0.293125,0.3811111111111111,0.280000 0.380000 0.510000 0.620000 0.760000 0.730000 0.700000 0.640000 0.490000 0.390000 0.370000 0.250000 0.330000 0.290000 0.240000 0.190000 0.180000 0.220000 0.270000 0.250000 0.280000 0.280000 0.290000 0.370000 0.390000 0.430000 0.470000 0.440000 0.440000 0.360000 0.340000 0.290000 0.270000
REP01_E08,ALLaM-7B,base,item,train_real_test_nonce_overlap,real -> nonce,10,0.66,4,0.29545454545454547,0.41374999999999995,0.246875,0.27666666666666667,0.130000 0.280000 0.340000 0.630000 0.660000 0.580000 0.380000 0.310000 0.300000 0.390000 0.270000 0.190000 0.200000 0.260000 0.260000 0.180000 0.190000 0.220000 0.210000 0.230000 0.250000 0.270000 0.270000 0.260000 0.300000 0.260000 0.320000 0.280000 0.340000 0.260000 0.290000 0.240000 0.200000
REP01_E08,ALLaM-7B,base,item,train_nonce_test_real_overlap,nonce -> real,0,0.58,1,0.47212121212121205,0.45999999999999996,0.48,0.46888888888888886,0.380000 0.580000 0.460000 0.440000 0.460000 0.400000 0.460000 0.500000 0.460000 0.460000 0.500000 0.460000 0.500000 0.440000 0.500000 0.500000 0.480000 0.480000 0.460000 0.460000 0.500000 0.500000 0.500000 0.480000 0.480000 0.480000 0.480000 0.480000 0.460000 0.460000 0.440000 0.440000 0.500000
REP01_E08,ALLaM-7B,base,item,train_nonce_test_real_overlap,nonce -> real,1,0.74,9,0.6393939393939394,0.595,0.66375,0.6355555555555555,0.240000 0.600000 0.580000 0.720000 0.660000 0.660000 0.680000 0.620000 0.660000 0.740000 0.740000 0.740000 0.660000 0.720000 0.720000 0.660000 0.600000 0.640000 0.580000 0.580000 0.620000 0.660000 0.640000 0.660000 0.680000 0.620000 0.720000 0.720000 0.680000 0.580000 0.620000 0.640000 0.460000
REP01_E08,ALLaM-7B,base,item,train_nonce_test_real_overlap,nonce -> real,2,0.84,19,0.6375757575757577,0.535,0.71625,0.588888888888889,0.120000 0.440000 0.760000 0.680000 0.620000 0.560000 0.580000 0.520000 0.540000 0.640000 0.660000 0.760000 0.660000 0.680000 0.700000 0.760000 0.720000 0.760000 0.740000 0.840000 0.760000 0.780000 0.720000 0.740000 0.680000 0.660000 0.620000 0.640000 0.600000 0.520000 0.500000 0.640000 0.440000
REP01_E08,ALLaM-7B,base,item,train_nonce_test_real_overlap,nonce -> real,5,0.64,3,0.3187878787878788,0.4325,0.24375,0.3511111111111111,0.120000 0.260000 0.460000 0.640000 0.560000 0.480000 0.460000 0.480000 0.480000 0.420000 0.300000 0.260000 0.280000 0.220000 0.180000 0.160000 0.180000 0.200000 0.220000 0.200000 0.180000 0.180000 0.220000 0.220000 0.300000 0.240000 0.300000 0.360000 0.400000 0.380000 0.440000 0.420000 0.320000
REP01_E08,ALLaM-7B,base,item,train_nonce_test_real_overlap,nonce -> real,10,0.6,3,0.18181818181818182,0.38749999999999996,0.10875,0.12888888888888891,0.180000 0.180000 0.340000 0.600000 0.560000 0.500000 0.340000 0.400000 0.280000 0.240000 0.100000 0.240000 0.060000 0.060000 0.140000 0.120000 0.080000 0.100000 0.060000 0.060000 0.080000 0.040000 0.040000 0.040000 0.040000 0.060000 0.120000 0.060000 0.080000 0.140000 0.220000 0.220000 0.220000
REP01_E08b,ALLaM-7B,full,family,real_templates_random,real templates,0,0.8055555555555556,2,0.7150673400673401,0.720486111111111,0.7274305555555556,0.6882716049382716,0.638889 0.722222 0.805556 0.763889 0.750000 0.694444 0.694444 0.694444 0.680556 0.736111 0.694444 0.708333 0.680556 0.694444 0.708333 0.722222 0.736111 0.722222 0.736111 0.736111 0.763889 0.777778 0.763889 0.777778 0.777778 0.777778 0.722222 0.708333 0.666667 0.666667 0.638889 0.638889 0.597222
REP01_E08b,ALLaM-7B,full,family,real_templates_random,real templates,1,0.8055555555555556,9,0.728114478114478,0.7204861111111112,0.7543402777777777,0.6882716049382716,0.625000 0.736111 0.777778 0.722222 0.736111 0.680556 0.736111 0.750000 0.777778 0.805556 0.791667 0.777778 0.722222 0.750000 0.722222 0.736111 0.750000 0.722222 0.722222 0.736111 0.750000 0.763889 0.777778 0.763889 0.805556 0.750000 0.708333 0.722222 0.666667 0.666667 0.652778 0.638889 0.583333
REP01_E08b,ALLaM-7B,full,family,real_templates_random,real templates,2,0.7916666666666666,9,0.7302188552188551,0.7430555555555556,0.7517361111111112,0.6805555555555556,0.583333 0.763889 0.763889 0.750000 0.763889 0.763889 0.777778 0.777778 0.777778 0.791667 0.763889 0.736111 0.736111 0.750000 0.736111 0.722222 0.750000 0.736111 0.736111 0.777778 0.750000 0.750000 0.763889 0.750000 0.763889 0.750000 0.750000 0.708333 0.680556 0.638889 0.625000 0.625000 0.583333
REP01_E08b,ALLaM-7B,full,family,real_templates_random,real templates,5,0.7361111111111112,3,0.5572390572390571,0.6336805555555556,0.5520833333333333,0.49845679012345673,0.458333 0.555556 0.569444 0.736111 0.736111 0.694444 0.666667 0.652778 0.708333 0.694444 0.611111 0.652778 0.541667 0.486111 0.458333 0.458333 0.472222 0.486111 0.486111 0.513889 0.541667 0.597222 0.555556 0.569444 0.652778 0.541667 0.527778 0.458333 0.486111 0.458333 0.472222 0.444444 0.444444
REP01_E08b,ALLaM-7B,full,family,real_templates_random,real templates,10,0.625,6,0.40277777777777773,0.5017361111111112,0.3706597222222222,0.37191358024691357,0.277778 0.305556 0.416667 0.583333 0.583333 0.611111 0.625000 0.611111 0.513889 0.402778 0.291667 0.361111 0.319444 0.361111 0.388889 0.375000 0.361111 0.375000 0.305556 0.347222 0.388889 0.388889 0.375000 0.375000 0.430556 0.430556 0.402778 0.361111 0.375000 0.333333 0.319444 0.347222 0.347222
REP01_E08b,ALLaM-7B,full,family,nonce_templates_heldout_roots,nonce held-out roots,0,1.0,4,0.9545454545454547,0.875,0.996875,0.9500000000000001,0.450000 0.750000 0.850000 0.950000 1.000000 1.000000 1.000000 1.000000 1.000000 1.000000 1.000000 1.000000 1.000000 1.000000 0.950000 1.000000 1.000000 1.000000 1.000000 1.000000 1.000000 1.000000 1.000000 1.000000 1.000000 0.950000 1.000000 0.950000 1.000000 0.950000 1.000000 0.900000 0.800000
REP01_E08b,ALLaM-7B,full,family,nonce_templates_heldout_roots,nonce held-out roots,1,1.0,4,0.9530303030303031,0.86875,0.996875,0.9500000000000001,0.450000 0.750000 0.800000 0.950000 1.000000 1.000000 1.000000 1.000000 1.000000 1.000000 1.000000 1.000000 1.000000 1.000000 0.950000 1.000000 1.000000 1.000000 1.000000 1.000000 1.000000 1.000000 1.000000 1.000000 1.000000 0.950000 1.000000 0.950000 1.000000 0.950000 1.000000 0.900000 0.800000
REP01_E08b,ALLaM-7B,full,family,nonce_templates_heldout_roots,nonce held-out roots,2,1.0,4,0.9500000000000001,0.8625,0.996875,0.9444444444444444,0.300000 0.750000 0.900000 0.950000 1.000000 1.000000 1.000000 1.000000 1.000000 1.000000 1.000000 1.000000 1.000000 1.000000 0.950000 1.000000 1.000000 1.000000 1.000000 1.000000 1.000000 1.000000 1.000000 1.000000 1.000000 0.950000 1.000000 0.950000 1.000000 0.950000 0.950000 0.900000 0.800000
REP01_E08b,ALLaM-7B,full,family,nonce_templates_heldout_roots,nonce held-out roots,5,1.0,4,0.9409090909090909,0.85625,0.990625,0.9277777777777777,0.200000 0.800000 0.900000 0.950000 1.000000 1.000000 1.000000 1.000000 1.000000 1.000000 1.000000 1.000000 1.000000 1.000000 0.950000 1.000000 1.000000 1.000000 1.000000 1.000000 0.950000 1.000000 0.950000 1.000000 0.950000 0.950000 0.950000 0.950000 0.950000 0.950000 0.950000 0.900000 0.800000
REP01_E08b,ALLaM-7B,full,family,nonce_templates_heldout_roots,nonce held-out roots,10,1.0,4,0.9257575757575758,0.825,0.975,0.9277777777777777,0.150000 0.600000 0.900000 0.950000 1.000000 1.000000 1.000000 1.000000 1.000000 1.000000 1.000000 1.000000 1.000000 1.000000 0.950000 1.000000 0.950000 1.000000 0.950000 0.950000 0.950000 0.950000 0.950000 0.950000 0.950000 0.950000 0.950000 0.950000 0.950000 0.900000 0.950000 0.900000 0.850000
REP01_E08b,ALLaM-7B,full,family,train_real_test_nonce_overlap,real -> nonce,0,0.7,4,0.5939393939393939,0.595,0.6268750000000001,0.5344444444444445,0.400000 0.500000 0.510000 0.600000 0.700000 0.700000 0.690000 0.660000 0.700000 0.670000 0.660000 0.670000 0.630000 0.620000 0.620000 0.590000 0.580000 0.600000 0.570000 0.620000 0.630000 0.610000 0.640000 0.620000 0.610000 0.590000 0.570000 0.510000 0.500000 0.550000 0.560000 0.470000 0.450000
REP01_E08b,ALLaM-7B,full,family,train_real_test_nonce_overlap,real -> nonce,1,0.75,5,0.6015151515151514,0.6112500000000001,0.635625,0.5322222222222222,0.360000 0.490000 0.520000 0.680000 0.700000 0.750000 0.700000 0.690000 0.750000 0.710000 0.700000 0.720000 0.620000 0.650000 0.640000 0.590000 0.550000 0.620000 0.600000 0.610000 0.620000 0.570000 0.610000 0.610000 0.590000 0.570000 0.530000 0.570000 0.530000 0.540000 0.500000 0.480000 0.480000
REP01_E08b,ALLaM-7B,full,family,train_real_test_nonce_overlap,real -> nonce,2,0.76,5,0.6187878787878789,0.6312500000000001,0.6475,0.5566666666666666,0.300000 0.530000 0.570000 0.700000 0.740000 0.760000 0.760000 0.690000 0.540000 0.580000 0.650000 0.700000 0.650000 0.700000 0.620000 0.660000 0.670000 0.670000 0.650000 0.630000 0.650000 0.640000 0.640000 0.710000 0.590000 0.590000 0.540000 0.630000 0.550000 0.550000 0.540000 0.510000 0.510000
REP01_E08b,ALLaM-7B,full,family,train_real_test_nonce_overlap,real -> nonce,5,0.8,5,0.46515151515151515,0.59375,0.45437500000000003,0.37,0.280000 0.470000 0.530000 0.700000 0.750000 0.800000 0.620000 0.600000 0.630000 0.660000 0.610000 0.590000 0.400000 0.480000 0.500000 0.450000 0.430000 0.390000 0.370000 0.370000 0.320000 0.350000 0.380000 0.340000 0.390000 0.370000 0.370000 0.400000 0.370000 0.380000 0.390000 0.330000 0.330000
REP01_E08b,ALLaM-7B,full,family,train_real_test_nonce_overlap,real -> nonce,10,0.69,4,0.36606060606060614,0.54625,0.30374999999999996,0.31666666666666665,0.200000 0.330000 0.510000 0.680000 0.690000 0.660000 0.640000 0.660000 0.600000 0.540000 0.340000 0.270000 0.280000 0.290000 0.260000 0.240000 0.230000 0.180000 0.110000 0.320000 0.340000 0.300000 0.280000 0.280000 0.310000 0.300000 0.310000 0.310000 0.300000 0.350000 0.380000 0.320000 0.270000
REP01_E08b,ALLaM-7B,full,family,train_nonce_test_real_overlap,nonce -> real,0,0.5866666666666667,3,0.5404040404040403,0.5141666666666667,0.5533333333333333,0.5407407407407407,0.366667 0.513333 0.453333 0.586667 0.540000 0.513333 0.560000 0.580000 0.546667 0.573333 0.580000 0.586667 0.573333 0.520000 0.580000 0.566667 0.533333 0.506667 0.513333 0.540000 0.546667 0.553333 0.560000 0.573333 0.566667 0.573333 0.566667 0.580000 0.560000 0.553333 0.526667 0.480000 0.460000
REP01_E08b,ALLaM-7B,full,family,train_nonce_test_real_overlap,nonce -> real,1,0.7,10,0.6074747474747474,0.5758333333333334,0.6258333333333332,0.6029629629629629,0.253333 0.526667 0.540000 0.660000 0.660000 0.666667 0.673333 0.626667 0.660000 0.686667 0.700000 0.693333 0.660000 0.673333 0.653333 0.633333 0.566667 0.526667 0.520000 0.573333 0.613333 0.606667 0.633333 0.613333 0.606667 0.660000 0.626667 0.673333 0.646667 0.613333 0.600000 0.486667 0.513333
REP01_E08b,ALLaM-7B,full,family,train_nonce_test_real_overlap,nonce -> real,2,0.72,11,0.6238383838383839,0.5716666666666667,0.6708333333333333,0.5866666666666667,0.193333 0.520000 0.646667 0.680000 0.640000 0.640000 0.633333 0.620000 0.633333 0.700000 0.693333 0.720000 0.686667 0.720000 0.713333 0.686667 0.686667 0.673333 0.626667 0.640000 0.613333 0.620000 0.633333 0.686667 0.660000 0.600000 0.613333 0.620000 0.606667 0.580000 0.560000 0.580000 0.460000
REP01_E08b,ALLaM-7B,full,family,train_nonce_test_real_overlap,nonce -> real,5,0.6733333333333333,8,0.4814141414141414,0.5341666666666667,0.4825,0.4325925925925926,0.193333 0.440000 0.533333 0.640000 0.586667 0.613333 0.640000 0.626667 0.673333 0.640000 0.580000 0.553333 0.486667 0.460000 0.486667 0.413333 0.433333 0.473333 0.433333 0.440000 0.380000 0.426667 0.420000 0.420000 0.433333 0.440000 0.420000 0.480000 0.460000 0.440000 0.440000 0.406667 0.373333
REP01_E08b,ALLaM-7B,full,family,train_nonce_test_real_overlap,nonce -> real,10,0.6133333333333333,3,0.3723232323232324,0.4941666666666667,0.31708333333333333,0.3622222222222222,0.193333 0.340000 0.453333 0.613333 0.593333 0.586667 0.593333 0.580000 0.513333 0.480000 0.413333 0.386667 0.333333 0.293333 0.253333 0.253333 0.293333 0.206667 0.186667 0.286667 0.313333 0.293333 0.253333 0.313333 0.306667 0.360000 0.366667 0.380000 0.380000 0.366667 0.400000 0.353333 0.346667
