run_id,model,surface,real_split,n_texts,n_layers,hidden_size,layer,normalized_depth,rank,pc1_anisotropy,edim90_components,edim90_fraction,effective_rank,effective_rank_fraction,participation_ratio,participation_ratio_fraction,mean_pairwise_cosine,anisotropy_bucket
REP01_E03,Qwen3-1.7B,base,item,230,29,2048,0,0.0,230,0.05543307214975357,91,0.39565217391304347,88.03278424742089,0.3827512358583517,59.727203369140625,0.2596834929093071,0.059349991381168365,low
REP01_E03,Qwen3-1.7B,base,item,230,29,2048,1,0.03571428571428571,230,0.052259016782045364,110,0.4782608695652174,111.21193466471182,0.48353015071613836,70.57210540771484,0.30683524090310804,0.3520108163356781,low
REP01_E03,Qwen3-1.7B,base,item,230,29,2048,2,0.07142857142857142,230,0.5724548101425171,49,0.21304347826086956,13.587599322386435,0.0590765187929845,3.022071361541748,0.013139440702355426,0.3747931122779846,high
REP01_E03,Qwen3-1.7B,base,item,230,29,2048,3,0.10714285714285714,230,0.9999123215675354,1,0.004347826086956522,1.0013261575788965,0.004353591989473463,1.0001753568649292,0.004348588508108387,0.23103170096874237,collapsed
REP01_E03,Qwen3-1.7B,base,item,230,29,2048,4,0.14285714285714285,230,0.9998964667320251,1,0.004347826086956522,1.0015657418802164,0.004354633660348767,1.0002070665359497,0.0043487263762432594,0.22250384092330933,collapsed
REP01_E03,Qwen3-1.7B,base,item,230,29,2048,5,0.17857142857142858,230,0.9998793005943298,1,0.004347826086956522,1.0018105539942406,0.004355698060844525,1.0002413988113403,0.004348875647005828,0.2992098927497864,collapsed
REP01_E03,Qwen3-1.7B,base,item,230,29,2048,6,0.21428571428571427,230,0.9998403787612915,1,0.004347826086956522,1.002349363762314,0.004358040712010061,1.0003193616867065,0.004349214616029159,0.37966516613960266,collapsed
REP01_E03,Qwen3-1.7B,base,item,230,29,2048,7,0.25,230,0.999812662601471,1,0.004347826086956522,1.0027225247164395,0.0043596631509410415,1.0003747940063477,0.004349455626114555,0.4243277311325073,collapsed
REP01_E03,Qwen3-1.7B,base,item,230,29,2048,8,0.2857142857142857,230,0.9997925758361816,1,0.004347826086956522,1.002988671308003,0.004360820310034795,1.0004149675369263,0.00434963029363881,0.4800586998462677,collapsed
REP01_E03,Qwen3-1.7B,base,item,230,29,2048,9,0.32142857142857145,230,0.9997584819793701,1,0.004347826086956522,1.0034329052962998,0.004362751762157825,1.0004831552505493,0.00434992676195891,0.5310164093971252,collapsed
REP01_E03,Qwen3-1.7B,base,item,230,29,2048,10,0.35714285714285715,230,0.9996799826622009,1,0.004347826086956522,1.0044383477363563,0.004367123251027636,1.0006403923034668,0.004350610401319421,0.5472961664199829,collapsed
REP01_E03,Qwen3-1.7B,base,item,230,29,2048,11,0.39285714285714285,230,0.9995499849319458,1,0.004347826086956522,1.0060753631686827,0.004374240709429055,1.0009006261825562,0.004351741852967636,0.5792918801307678,collapsed
REP01_E03,Qwen3-1.7B,base,item,230,29,2048,12,0.42857142857142855,230,0.9993312954902649,1,0.004347826086956522,1.0087268911480787,0.004385769091948168,1.0013388395309448,0.004353647128395412,0.6141757369041443,collapsed
REP01_E03,Qwen3-1.7B,base,item,230,29,2048,13,0.4642857142857143,230,0.9992752075195312,1,0.004347826086956522,1.0093769858336414,0.00438859559058105,1.0014511346817017,0.004354135368181311,0.6248353719711304,collapsed
REP01_E03,Qwen3-1.7B,base,item,230,29,2048,14,0.5,230,0.9991922974586487,1,0.004347826086956522,1.01034446180157,0.0043928020078329135,1.0016173124313354,0.004354857880136241,0.6352222561836243,collapsed
REP01_E03,Qwen3-1.7B,base,item,230,29,2048,15,0.5357142857142857,230,0.9990065097808838,1,0.004347826086956522,1.012441668711873,0.004401920298747274,1.0019898414611816,0.004356477571570355,0.6375209093093872,collapsed
REP01_E03,Qwen3-1.7B,base,item,230,29,2048,16,0.5714285714285714,230,0.9987617135047913,1,0.004347826086956522,1.0152084007664974,0.004413949568549989,1.00248122215271,0.004358614009359609,0.6495286226272583,collapsed
REP01_E03,Qwen3-1.7B,base,item,230,29,2048,17,0.6071428571428571,230,0.9966023564338684,1,0.004347826086956522,1.0386889380114246,0.004516038860919237,1.006829857826233,0.004377521120983621,0.5699270367622375,collapsed
REP01_E03,Qwen3-1.7B,base,item,230,29,2048,18,0.6428571428571429,230,0.995235025882721,1,0.004347826086956522,1.0527425440626477,0.004577141495924555,1.0095980167388916,0.00438955659451692,0.5865043997764587,collapsed
REP01_E03,Qwen3-1.7B,base,item,230,29,2048,19,0.6785714285714286,230,0.9926632046699524,1,0.004347826086956522,1.0784912976344352,0.004689092598410588,1.0148351192474365,0.004412326605423637,0.6059763431549072,collapsed
REP01_E03,Qwen3-1.7B,base,item,230,29,2048,20,0.7142857142857143,230,0.9859991669654846,1,0.004347826086956522,1.1455212488229491,0.004980527168795431,1.0285958051681519,0.0044721556746441385,0.6046269536018372,collapsed
REP01_E03,Qwen3-1.7B,base,item,230,29,2048,21,0.75,230,0.9756136536598206,1,0.004347826086956522,1.2503421171647167,0.005436270074629203,1.0506008863449097,0.004567829940630042,0.6206919550895691,collapsed
REP01_E03,Qwen3-1.7B,base,item,230,29,2048,22,0.7857142857142857,230,0.9624401330947876,1,0.004347826086956522,1.3847110475979605,0.006020482815643306,1.0795305967330933,0.004693611290143884,0.6826145648956299,collapsed
REP01_E03,Qwen3-1.7B,base,item,230,29,2048,23,0.8214285714285714,230,0.9489234089851379,1,0.004347826086956522,1.5320041242615332,0.0066608874967892745,1.1104623079299927,0.004828096990999968,0.7224754095077515,collapsed
REP01_E03,Qwen3-1.7B,base,item,230,29,2048,24,0.8571428571428571,230,0.9331888556480408,1,0.004347826086956522,1.714698904366022,0.0074552126276783565,1.1481547355651855,0.004991977111152981,0.7531120777130127,collapsed
REP01_E03,Qwen3-1.7B,base,item,230,29,2048,25,0.8928571428571429,230,0.9167819023132324,1,0.004347826086956522,1.9182146883813755,0.00834006386252772,1.1895078420639038,0.0051717732263647995,0.7965184450149536,collapsed
REP01_E03,Qwen3-1.7B,base,item,230,29,2048,26,0.9285714285714286,230,0.9014878869056702,1,0.004347826086956522,2.126976515821598,0.009247723981833034,1.2300912141799927,0.005348222670347794,0.8181019425392151,collapsed
REP01_E03,Qwen3-1.7B,base,item,230,29,2048,27,0.9642857142857143,230,0.8841793537139893,3,0.013043478260869565,2.3599111770259653,0.010260483378373762,1.2784148454666138,0.005558325415072234,0.8536310791969299,collapsed
REP01_E03,Qwen3-1.7B,base,item,230,29,2048,28,1.0,230,0.369346559047699,61,0.26521739130434785,23.570575473485516,0.1024807629281979,6.2659101486206055,0.027243087602698286,0.8709301352500916,moderate
REP01_E05b,Qwen3-1.7B,full,family,490,29,2048,0,0.0,490,0.05414612218737602,113,0.23061224489795917,109.52487948954182,0.22352016222355472,70.42833709716797,0.14373130019830196,0.058261554688215256,moderate
REP01_E05b,Qwen3-1.7B,full,family,490,29,2048,1,0.03571428571428571,490,0.04361199960112572,155,0.3163265306122449,149.49482144729677,0.305091472341422,84.17413330078125,0.17178394551179846,0.35241732001304626,low
REP01_E05b,Qwen3-1.7B,full,family,490,29,2048,2,0.07142857142857142,490,0.44683554768562317,96,0.19591836734693877,30.684124198528117,0.06262066162964922,4.918665885925293,0.010038093644745496,0.38830557465553284,moderate
REP01_E05b,Qwen3-1.7B,full,family,490,29,2048,3,0.10714285714285714,490,0.9998534917831421,1,0.0020408163265306124,1.002208865796712,0.0020453242159116573,1.0002930164337158,0.0020414143192524813,0.24667008221149445,collapsed
REP01_E05b,Qwen3-1.7B,full,family,490,29,2048,4,0.14285714285714285,490,0.999821126461029,1,0.0020408163265306124,1.0026748080363677,0.0020462751184415666,1.000357747077942,0.002041546422608045,0.23432736098766327,collapsed
REP01_E05b,Qwen3-1.7B,full,family,490,29,2048,5,0.17857142857142858,490,0.9997673034667969,1,0.0020408163265306124,1.0034077261465955,0.0020477708696869296,1.0004655122756958,0.0020417663515830526,0.29004618525505066,collapsed
REP01_E05b,Qwen3-1.7B,full,family,490,29,2048,6,0.21428571428571427,490,0.9996858835220337,1,0.0020408163265306124,1.0045151357150939,0.0020500308892144772,1.0006285905838013,0.002042099164456737,0.37018468976020813,collapsed
REP01_E05b,Qwen3-1.7B,full,family,490,29,2048,7,0.25,490,0.9996283054351807,1,0.0020408163265306124,1.0052690051341273,0.002051569398232913,1.0007438659667969,0.0020423344203404016,0.4131966531276703,collapsed
REP01_E05b,Qwen3-1.7B,full,family,490,29,2048,8,0.2857142857142857,490,0.999579668045044,1,0.0020408163265306124,1.0059002281437095,0.00205285760845655,1.0008412599563599,0.0020425331835844077,0.4726114273071289,collapsed
REP01_E05b,Qwen3-1.7B,full,family,490,29,2048,9,0.32142857142857145,490,0.999500572681427,1,0.0020408163265306124,1.0069032294857594,0.0020549045499709375,1.0009996891021729,0.0020428565083717813,0.52471524477005,collapsed
REP01_E05b,Qwen3-1.7B,full,family,490,29,2048,10,0.35714285714285715,490,0.9993295073509216,1,0.0020408163265306124,1.0090130741529095,0.002059210355414101,1.0013422966003418,0.0020435557073476365,0.5377551913261414,collapsed
REP01_E05b,Qwen3-1.7B,full,family,490,29,2048,11,0.39285714285714285,490,0.9990251660346985,1,0.0020408163265306124,1.0127137243576614,0.0020667627027707376,1.0019525289535522,0.0020448010794970454,0.5712346434593201,collapsed
REP01_E05b,Qwen3-1.7B,full,family,490,29,2048,12,0.42857142857142855,490,0.9985398054122925,1,0.0020408163265306124,1.0183937555087093,0.0020783546030789983,1.0029268264770508,0.0020467894417898996,0.6066446304321289,collapsed
REP01_E05b,Qwen3-1.7B,full,family,490,29,2048,13,0.4642857142857143,490,0.998420000076294,1,0.0020408163265306124,1.0197604460953689,0.002081143767541569,1.0031675100326538,0.0020472806327197016,0.6199604272842407,collapsed
REP01_E05b,Qwen3-1.7B,full,family,490,29,2048,14,0.5,490,0.9982272386550903,1,0.0020408163265306124,1.0219695159461386,0.0020856520733594664,1.0035549402236938,0.002048071306578967,0.6316260695457458,collapsed
REP01_E05b,Qwen3-1.7B,full,family,490,29,2048,15,0.5357142857142857,490,0.9977868795394897,1,0.0020408163265306124,1.0268101227049549,0.002095530862663173,1.0044410228729248,0.002049879638516173,0.6305068731307983,collapsed
REP01_E05b,Qwen3-1.7B,full,family,490,29,2048,16,0.5714285714285714,490,0.9972048997879028,1,0.0020408163265306124,1.0332789685857697,0.0021087325889505505,1.0056135654449463,0.0020522725825407066,0.6420519948005676,collapsed
REP01_E05b,Qwen3-1.7B,full,family,490,29,2048,17,0.6071428571428571,490,0.9928162693977356,1,0.0020408163265306124,1.0801342978175656,0.0022043557098317666,1.014522910118103,0.0020704549186083736,0.5647664666175842,collapsed
REP01_E05b,Qwen3-1.7B,full,family,490,29,2048,18,0.6428571428571429,490,0.989539623260498,1,0.0020408163265306124,1.113932413473908,0.0022733314560691997,1.0212512016296387,0.002084186125774773,0.5781975388526917,collapsed
REP01_E05b,Qwen3-1.7B,full,family,490,29,2048,19,0.6785714285714286,490,0.9840808510780334,1,0.0020408163265306124,1.170116254131986,0.0023879923553714,1.0326093435287476,0.0021073660072015257,0.6032233834266663,collapsed
REP01_E05b,Qwen3-1.7B,full,family,490,29,2048,20,0.7142857142857143,490,0.9692547917366028,1,0.0020408163265306124,1.3268698056590251,0.002707897562569439,1.0644234418869019,0.0021722927385446978,0.5895991921424866,collapsed
REP01_E05b,Qwen3-1.7B,full,family,490,29,2048,21,0.75,490,0.9483955502510071,1,0.0020408163265306124,1.5693525556295718,0.003202760317611371,1.1117198467254639,0.0022688160137254365,0.609554648399353,collapsed
REP01_E05b,Qwen3-1.7B,full,family,490,29,2048,22,0.7857142857142857,490,0.9241236448287964,1,0.0020408163265306124,1.8749770607042304,0.0038264837973555725,1.1707770824432373,0.002389340984578035,0.669540286064148,collapsed
REP01_E05b,Qwen3-1.7B,full,family,490,29,2048,23,0.8214285714285714,490,0.8962809443473816,2,0.004081632653061225,2.2745026868273213,0.004641842218014941,1.2444323301315308,0.0025396578165949608,0.7069485783576965,collapsed
REP01_E05b,Qwen3-1.7B,full,family,490,29,2048,24,0.8571428571428571,490,0.8651220202445984,6,0.012244897959183673,2.8076371799462865,0.005729871795808748,1.335357427597046,0.0027252192399939714,0.7382943630218506,collapsed
REP01_E05b,Qwen3-1.7B,full,family,490,29,2048,25,0.8928571428571429,490,0.8328239321708679,12,0.024489795918367346,3.452493216670061,0.007045904523816451,1.4403547048568726,0.0029394993976670867,0.787232518196106,high
REP01_E05b,Qwen3-1.7B,full,family,490,29,2048,26,0.9285714285714286,490,0.8072999715805054,19,0.03877551020408163,4.0757059038025805,0.008317767150617512,1.5323578119277954,0.0031272608406689704,0.8144847750663757,high
REP01_E05b,Qwen3-1.7B,full,family,490,29,2048,27,0.9642857142857143,490,0.7788691520690918,25,0.05102040816326531,4.775201966847165,0.009745310136422786,1.64481782913208,0.003356771079861388,0.8578911423683167,high
REP01_E05b,Qwen3-1.7B,full,family,490,29,2048,28,1.0,490,0.32106149196624756,100,0.20408163265306123,37.73055621608822,0.07700113513487392,8.255533218383789,0.016848026976293447,0.875232458114624,moderate
REP01_E06,Qwen3-8B,base,item,230,37,4096,0,0.0,230,0.06375492364168167,84,0.3652173913043478,78.07093645056823,0.3394388541329053,50.214012145996094,0.21832179193911344,0.06759370118379593,low
REP01_E06,Qwen3-8B,base,item,230,37,4096,1,0.027777777777777776,230,0.06492406129837036,112,0.48695652173913045,101.57618196839296,0.44163557377562157,56.13229751586914,0.2440534674603006,0.3581400513648987,low
REP01_E06,Qwen3-8B,base,item,230,37,4096,2,0.05555555555555555,230,0.19220741093158722,113,0.49130434782608695,76.13961126996925,0.3310417881303011,21.589420318603516,0.09386704486349355,0.3729472756385803,low
REP01_E06,Qwen3-8B,base,item,230,37,4096,3,0.08333333333333333,230,0.2802647650241852,107,0.4652173913043478,55.34432493596902,0.24062749972160444,11.620494842529297,0.0505238906196926,0.35169893503189087,moderate
REP01_E06,Qwen3-8B,base,item,230,37,4096,4,0.1111111111111111,230,0.2514714002609253,111,0.4826086956521739,61.27811262008863,0.266426576609081,13.963550567626953,0.060711089424465015,0.3348900377750397,moderate
REP01_E06,Qwen3-8B,base,item,230,37,4096,5,0.1388888888888889,230,0.19524335861206055,120,0.5217391304347826,77.93339185280388,0.33884083414262556,21.314016342163086,0.09266963627027429,0.305364191532135,low
REP01_E06,Qwen3-8B,base,item,230,37,4096,6,0.16666666666666666,230,0.054705314338207245,142,0.6173913043478261,126.81043440242597,0.5513497147931564,71.95347595214844,0.31284119979194974,0.2788025438785553,low
REP01_E06,Qwen3-8B,base,item,230,37,4096,7,0.19444444444444445,230,0.9997564554214478,1,0.004347826086956522,1.0034858762064782,0.0043629820704629485,1.0004873275756836,0.004349944902502972,0.23634915053844452,collapsed
REP01_E06,Qwen3-8B,base,item,230,37,4096,8,0.2222222222222222,230,0.9997333288192749,1,0.004347826086956522,1.0038006356136489,0.0043643505896245605,1.0005335807800293,0.004350146003391432,0.245669886469841,collapsed
REP01_E06,Qwen3-8B,base,item,230,37,4096,9,0.25,230,0.9996956586837769,1,0.004347826086956522,1.0043041360581775,0.004366539721992076,1.0006089210510254,0.004350473569787067,0.2759316861629486,collapsed
REP01_E06,Qwen3-8B,base,item,230,37,4096,10,0.2777777777777778,230,0.9997058510780334,1,0.004347826086956522,1.0041579829683285,0.004365904273775341,1.0005886554718018,0.004350385458573051,0.33315473794937134,collapsed
REP01_E06,Qwen3-8B,base,item,230,37,4096,11,0.3055555555555556,230,0.9997139573097229,1,0.004347826086956522,1.004042270477145,0.004365401175987587,1.0005723237991333,0.0043503144513005795,0.41390401124954224,collapsed
REP01_E06,Qwen3-8B,base,item,230,37,4096,12,0.3333333333333333,230,0.9997100830078125,1,0.004347826086956522,1.0040776239425422,0.004365554886706705,1.000580072402954,0.0043503481408824094,0.45531558990478516,collapsed
REP01_E06,Qwen3-8B,base,item,230,37,4096,13,0.3611111111111111,230,0.9997003078460693,1,0.004347826086956522,1.0041979278115547,0.00436607794700676,1.0005996227264404,0.0043504331422888716,0.505999743938446,collapsed
REP01_E06,Qwen3-8B,base,item,230,37,4096,14,0.3888888888888889,230,0.9996806979179382,1,0.004347826086956522,1.004444263578205,0.004367148972079152,1.0006389617919922,0.004350604181704314,0.5188104510307312,collapsed
REP01_E06,Qwen3-8B,base,item,230,37,4096,15,0.4166666666666667,230,0.9996761679649353,1,0.004347826086956522,1.0044953770982707,0.00436737120477509,1.0006479024887085,0.004350643054298733,0.5555192828178406,collapsed
REP01_E06,Qwen3-8B,base,item,230,37,4096,16,0.4444444444444444,230,0.999663770198822,1,0.004347826086956522,1.0046417982361715,0.004368007818418137,1.0006729364395142,0.004350751897563105,0.5721272826194763,collapsed
REP01_E06,Qwen3-8B,base,item,230,37,4096,17,0.4722222222222222,230,0.9996808171272278,1,0.004347826086956522,1.0044138068128923,0.004367016551360401,1.000638723373413,0.004350603145101796,0.6061203479766846,collapsed
REP01_E06,Qwen3-8B,base,item,230,37,4096,18,0.5,230,0.9996615648269653,1,0.004347826086956522,1.0046503556871476,0.0043680450247267286,1.000677227973938,0.004350770556408426,0.6191790699958801,collapsed
REP01_E06,Qwen3-8B,base,item,230,37,4096,19,0.5277777777777778,230,0.9996335506439209,1,0.004347826086956522,1.0049979165879854,0.004369556159078198,1.0007333755493164,0.004351014676301375,0.6353970170021057,collapsed
REP01_E06,Qwen3-8B,base,item,230,37,4096,20,0.5555555555555556,230,0.9995529055595398,1,0.004347826086956522,1.0059949364289722,0.004373891027952053,1.0008947849273682,0.004351716456205948,0.6473389863967896,collapsed
REP01_E06,Qwen3-8B,base,item,230,37,4096,21,0.5833333333333334,230,0.9994863867759705,1,0.004347826086956522,1.0068066977325902,0.004377420424924306,1.0010279417037964,0.004352295398712158,0.6485294103622437,collapsed
REP01_E06,Qwen3-8B,base,item,230,37,4096,22,0.6111111111111112,230,0.9993818998336792,1,0.004347826086956522,1.0080745751306275,0.004382932935350554,1.0012372732162476,0.004353205535722816,0.635431170463562,collapsed
REP01_E06,Qwen3-8B,base,item,230,37,4096,23,0.6388888888888888,230,0.9991515874862671,1,0.004347826086956522,1.0108016800614577,0.004394789913310685,1.0016989707946777,0.004355212916498599,0.6378087997436523,collapsed
REP01_E06,Qwen3-8B,base,item,230,37,4096,24,0.6666666666666666,230,0.9987059831619263,1,0.004347826086956522,1.0159206235627103,0.004417046189403088,1.0025930404663086,0.0043591001759404726,0.6452736258506775,collapsed
REP01_E06,Qwen3-8B,base,item,230,37,4096,25,0.6944444444444444,230,0.997957170009613,1,0.004347826086956522,1.0243288200358485,0.004453603565373254,1.0040980577468872,0.004365643729334292,0.6561475992202759,collapsed
REP01_E06,Qwen3-8B,base,item,230,37,4096,26,0.7222222222222222,230,0.9973734021186829,1,0.004347826086956522,1.030699389654162,0.00448130169414853,1.0052738189697266,0.0043707557346509855,0.6710869073867798,collapsed
REP01_E06,Qwen3-8B,base,item,230,37,4096,27,0.75,230,0.9966580271720886,1,0.004347826086956522,1.0383204838936164,0.004514436886493984,1.006717324256897,0.0043770318445952045,0.6873505115509033,collapsed
REP01_E06,Qwen3-8B,base,item,230,37,4096,28,0.7777777777777778,230,0.9957646131515503,1,0.004347826086956522,1.0477973311580233,0.004555640570252276,1.0085244178771973,0.0043848887733791185,0.6904235482215881,collapsed
REP01_E06,Qwen3-8B,base,item,230,37,4096,29,0.8055555555555556,230,0.9945657849311829,1,0.004347826086956522,1.0602511584303367,0.00460978764534929,1.010956883430481,0.004395464710567308,0.7012931108474731,collapsed
REP01_E06,Qwen3-8B,base,item,230,37,4096,30,0.8333333333333334,230,0.9933058023452759,1,0.004347826086956522,1.072917580874371,0.004664859047279874,1.0135228633880615,0.004406621145165485,0.7196390628814697,collapsed
REP01_E06,Qwen3-8B,base,item,230,37,4096,31,0.8611111111111112,230,0.9912846684455872,1,0.004347826086956522,1.0927739133659589,0.004751190927678082,1.0176589488983154,0.00442460412564485,0.7397477030754089,collapsed
REP01_E06,Qwen3-8B,base,item,230,37,4096,32,0.8888888888888888,230,0.9892789125442505,1,0.004347826086956522,1.1129704256612278,0.0048390018507009904,1.0217888355255127,0.004442560154458751,0.7640942931175232,collapsed
REP01_E06,Qwen3-8B,base,item,230,37,4096,33,0.9166666666666666,230,0.9869000911712646,1,0.004347826086956522,1.1367505339299333,0.004942393625782319,1.026719093322754,0.004463996057925017,0.7805516719818115,collapsed
REP01_E06,Qwen3-8B,base,item,230,37,4096,34,0.9444444444444444,230,0.9842509627342224,1,0.004347826086956522,1.1629312831156873,0.005056222970068205,1.0322507619857788,0.004488046791242517,0.7925335764884949,collapsed
REP01_E06,Qwen3-8B,base,item,230,37,4096,35,0.9722222222222222,230,0.9644309282302856,1,0.004347826086956522,1.3641567524774463,0.005931116315119332,1.075078010559082,0.004674252219822096,0.850088357925415,collapsed
REP01_E06,Qwen3-8B,base,item,230,37,4096,36,1.0,230,0.44178876280784607,59,0.2565217391304348,18.866649960993605,0.08202891287388524,4.690063953399658,0.02039158240608547,0.814225435256958,moderate
REP01_E06b,Qwen3-8B,full,family,490,37,4096,0,0.0,490,0.05446355417370796,104,0.21224489795918366,95.69470316589702,0.1952953125834633,58.714115142822266,0.11982472478126993,0.0656002014875412,moderate
REP01_E06b,Qwen3-8B,full,family,490,37,4096,1,0.027777777777777776,490,0.04985518008470535,165,0.336734693877551,147.66835151850532,0.3013639826908272,75.98847198486328,0.15507851425482302,0.33102869987487793,low
REP01_E06b,Qwen3-8B,full,family,490,37,4096,2,0.05555555555555555,490,0.11454576253890991,172,0.3510204081632653,134.21258925058854,0.27390324336854804,46.03738021850586,0.09395383718062421,0.35318732261657715,low
REP01_E06b,Qwen3-8B,full,family,490,37,4096,3,0.08333333333333333,490,0.17431658506393433,170,0.3469387755102041,111.43982555503302,0.22742821541843475,26.485519409179688,0.05405208042689732,0.33639541268348694,low
REP01_E06b,Qwen3-8B,full,family,490,37,4096,4,0.1111111111111111,490,0.14688369631767273,169,0.3448979591836735,114.00771666750202,0.23266880952551433,32.279052734375,0.0658756178252551,0.2972670793533325,low
REP01_E06b,Qwen3-8B,full,family,490,37,4096,5,0.1388888888888889,490,0.11335074156522751,178,0.363265306122449,136.338741618787,0.27824232983425917,46.500823974609375,0.09489964076450892,0.29320695996284485,low
REP01_E06b,Qwen3-8B,full,family,490,37,4096,6,0.16666666666666666,490,0.05646251142024994,207,0.42244897959183675,181.63006484012575,0.37067360171454233,86.9873046875,0.17752511160714285,0.2971827983856201,low
REP01_E06b,Qwen3-8B,full,family,490,37,4096,7,0.19444444444444445,490,0.9995619058609009,1,0.0020408163265306124,1.0061771084882092,0.0020534226703841003,1.0008766651153564,0.0020426054390109316,0.2536443769931793,collapsed
REP01_E06b,Qwen3-8B,full,family,490,37,4096,8,0.2222222222222222,490,0.9995072484016418,1,0.0020408163265306124,1.0069049891783772,0.0020549081411803615,1.0009862184524536,0.0020428290172499054,0.24801971018314362,collapsed
REP01_E06b,Qwen3-8B,full,family,490,37,4096,9,0.25,490,0.9994156956672668,1,0.0020408163265306124,1.0080986163599799,0.002057344115020367,1.0011696815490723,0.0020432034317328005,0.2705393433570862,collapsed
REP01_E06b,Qwen3-8B,full,family,490,37,4096,10,0.2777777777777778,490,0.9994263648986816,1,0.0020408163265306124,1.0079287665202736,0.002056997482694436,1.0011482238769531,0.0020431596405652104,0.31460481882095337,collapsed
REP01_E06b,Qwen3-8B,full,family,490,37,4096,11,0.3055555555555556,490,0.9994299411773682,1,0.0020408163265306124,1.0078593365234914,0.0020568557888234517,1.00114107131958,0.0020431450435093473,0.38800254464149475,collapsed
REP01_E06b,Qwen3-8B,full,family,490,37,4096,12,0.3333333333333333,490,0.999413251876831,1,0.0020408163265306124,1.0080441092095103,0.002057232875937776,1.0011745691299438,0.0020432134063876404,0.4256472885608673,collapsed
REP01_E06b,Qwen3-8B,full,family,490,37,4096,13,0.3611111111111111,490,0.9993796348571777,1,0.0020408163265306124,1.0084545475078421,0.002058070505118045,1.0012418031692505,0.002043350618712756,0.4795001745223999,collapsed
REP01_E06b,Qwen3-8B,full,family,490,37,4096,14,0.3888888888888889,490,0.9993338584899902,1,0.0020408163265306124,1.0090093904703499,0.0020592028376945916,1.0013335943222046,0.002043537947596336,0.4890875518321991,collapsed
REP01_E06b,Qwen3-8B,full,family,490,37,4096,15,0.4166666666666667,490,0.9993139505386353,1,0.0020408163265306124,1.0092383343401223,0.002059670070081882,1.001373529434204,0.0020436194478249065,0.5257529020309448,collapsed
REP01_E06b,Qwen3-8B,full,family,490,37,4096,16,0.4444444444444444,490,0.9992780089378357,1,0.0020408163265306124,1.0096720945486608,0.002060555294997267,1.0014455318450928,0.0020437663915205974,0.5420461297035217,collapsed
REP01_E06b,Qwen3-8B,full,family,490,37,4096,17,0.4722222222222222,490,0.9993086457252502,1,0.0020408163265306124,1.0092691136407925,0.0020597328849812093,1.0013842582702637,0.0020436413434087013,0.581504762172699,collapsed
REP01_E06b,Qwen3-8B,full,family,490,37,4096,18,0.5,490,0.9992629289627075,1,0.0020408163265306124,1.009820735994896,0.002060858644887543,1.0014756917953491,0.002043827942439488,0.5932894945144653,collapsed
REP01_E06b,Qwen3-8B,full,family,490,37,4096,19,0.5277777777777778,490,0.99919593334198,1,0.0020408163265306124,1.010618504582659,0.0020624867440462427,1.0016100406646729,0.002044102123805455,0.6137757897377014,collapsed
REP01_E06b,Qwen3-8B,full,family,490,37,4096,20,0.5555555555555556,490,0.9990159869194031,1,0.0020408163265306124,1.0127792998988736,0.0020668965304058646,1.0019710063934326,0.002044838788558026,0.6342341303825378,collapsed
REP01_E06b,Qwen3-8B,full,family,490,37,4096,21,0.5833333333333334,490,0.9988572001457214,1,0.0020408163265306124,1.0146519066770374,0.002070718176891913,1.0022895336151123,0.002045488844112474,0.6302277445793152,collapsed
REP01_E06b,Qwen3-8B,full,family,490,37,4096,22,0.6111111111111112,490,0.9986270070075989,1,0.0020408163265306124,1.017357422856291,0.0020762396384822264,1.0027515888214111,0.0020464318139212473,0.6157907247543335,collapsed
REP01_E06b,Qwen3-8B,full,family,490,37,4096,23,0.6388888888888888,490,0.9981340169906616,1,0.0020408163265306124,1.0230250648644754,0.00208780625482546,1.0037424564361572,0.0020484539927268517,0.6214793920516968,collapsed
REP01_E06b,Qwen3-8B,full,family,490,37,4096,24,0.6666666666666666,490,0.9970883727073669,1,0.0020408163265306124,1.0347312994418512,0.0021116965294731655,1.0058485269546509,0.0020527520958258183,0.6270320415496826,collapsed
REP01_E06b,Qwen3-8B,full,family,490,37,4096,25,0.6944444444444444,490,0.9954822659492493,1,0.0020408163265306124,1.0524680401593656,0.0021478939595089095,1.0090967416763306,0.002059381105461899,0.6456231474876404,collapsed
REP01_E06b,Qwen3-8B,full,family,490,37,4096,26,0.7222222222222222,490,0.9942019581794739,1,0.0020408163265306124,1.0663639682912613,0.002176252996512778,1.0116972923278809,0.0020646883516895528,0.6576210856437683,collapsed
REP01_E06b,Qwen3-8B,full,family,490,37,4096,27,0.75,490,0.992577075958252,1,0.0020408163265306124,1.0834520196546469,0.0022111265707237693,1.0150117874145508,0.0020714526273766343,0.6716393828392029,collapsed
REP01_E06b,Qwen3-8B,full,family,490,37,4096,28,0.7777777777777778,490,0.9905476570129395,1,0.0020408163265306124,1.105095958426567,0.0022552978743399323,1.019174575805664,0.0020799481138891102,0.6730983257293701,collapsed
REP01_E06b,Qwen3-8B,full,family,490,37,4096,29,0.8055555555555556,490,0.9875767230987549,1,0.0020408163265306124,1.1364411192298491,0.002319267590264998,1.025314450263977,0.0020924784699264836,0.6797459721565247,collapsed
REP01_E06b,Qwen3-8B,full,family,490,37,4096,30,0.8333333333333334,490,0.9845886826515198,1,0.0020408163265306124,1.1674758391594988,0.0023826037533867324,1.0315452814102173,0.0021051944518575864,0.7010983228683472,collapsed
REP01_E06b,Qwen3-8B,full,family,490,37,4096,31,0.8611111111111112,490,0.9790074229240417,1,0.0020408163265306124,1.2242857589066005,0.0024985423651155115,1.0433332920074463,0.002129251616341727,0.7169855833053589,collapsed
REP01_E06b,Qwen3-8B,full,family,490,37,4096,32,0.8888888888888888,490,0.9738282561302185,1,0.0020408163265306124,1.2802497650240448,0.0026127546224980506,1.0544546842575073,0.002151948335219403,0.7461939454078674,collapsed
REP01_E06b,Qwen3-8B,full,family,490,37,4096,33,0.9166666666666666,490,0.9668506979942322,1,0.0020408163265306124,1.3539300033990487,0.002763122455916426,1.0697137117385864,0.002183089207629768,0.7633511424064636,collapsed
REP01_E06b,Qwen3-8B,full,family,490,37,4096,34,0.9444444444444444,490,0.9605445265769958,1,0.0020408163265306124,1.4251217176823139,0.002908411668739416,1.0837913751602173,0.0022118191329800353,0.7808873653411865,collapsed
REP01_E06b,Qwen3-8B,full,family,490,37,4096,35,0.9722222222222222,490,0.913899302482605,1,0.0020408163265306124,2.018707685826403,0.004119811603727353,1.1970018148422241,0.002442860846616784,0.8528327345848083,collapsed
REP01_E06b,Qwen3-8B,full,family,490,37,4096,36,1.0,490,0.34720268845558167,106,0.2163265306122449,35.26440431184152,0.07196817206498268,7.218412399291992,0.014731453876106106,0.8484121561050415,moderate
REP01_E07,Fanar-1-9B,base,item,230,43,3584,0,0.0,230,0.07361990213394165,99,0.43043478260869567,91.18190647284233,0.3964430716210536,56.17384719848633,0.2442341182542884,0.2657541334629059,low
REP01_E07,Fanar-1-9B,base,item,230,43,3584,1,0.023809523809523808,230,0.05400361120700836,100,0.43478260869565216,96.87435238094756,0.42119283643890243,64.10667419433594,0.27872467041015625,0.19707927107810974,low
REP01_E07,Fanar-1-9B,base,item,230,43,3584,2,0.047619047619047616,230,0.047585710883140564,111,0.4826086956521739,114.7622619766473,0.49896635642020565,74.78214263916016,0.32513975060504413,0.22129333019256592,low
REP01_E07,Fanar-1-9B,base,item,230,43,3584,3,0.07142857142857142,230,0.03709710016846657,136,0.591304347826087,144.00385207566345,0.6261037046767975,98.86932373046875,0.42986662491508154,0.2503822445869446,low
REP01_E07,Fanar-1-9B,base,item,230,43,3584,4,0.09523809523809523,230,0.03180548548698425,155,0.6739130434782609,162.30225572668672,0.7056619814203771,115.88882446289062,0.503864454186481,0.23091644048690796,low
REP01_E07,Fanar-1-9B,base,item,230,43,3584,5,0.11904761904761904,230,0.03790160268545151,158,0.6869565217391305,159.6958828825769,0.6943299255764214,107.1751937866211,0.4659791034200917,0.2545245289802551,low
REP01_E07,Fanar-1-9B,base,item,230,43,3584,6,0.14285714285714285,230,0.04606019705533981,159,0.691304347826087,157.4449435460897,0.6845432328090856,99.03299713134766,0.43057824839716374,0.3020349442958832,low
REP01_E07,Fanar-1-9B,base,item,230,43,3584,7,0.16666666666666666,230,0.05451970174908638,161,0.7,154.1693394681226,0.6703014759483591,90.5835189819336,0.39384138687797215,0.30911242961883545,low
REP01_E07,Fanar-1-9B,base,item,230,43,3584,8,0.19047619047619047,230,0.06219281628727913,161,0.7,151.31905928787035,0.6579089534255232,85.13744354248047,0.37016279801078467,0.3277047574520111,low
REP01_E07,Fanar-1-9B,base,item,230,43,3584,9,0.21428571428571427,230,0.07374776899814606,157,0.6826086956521739,143.5822408575559,0.624270612424156,74.46965789794922,0.3237811212954314,0.32015109062194824,low
REP01_E07,Fanar-1-9B,base,item,230,43,3584,10,0.23809523809523808,230,0.06827262789011002,153,0.6652173913043479,141.4746828015552,0.6151073165285008,75.50184631347656,0.32826889701511547,0.36729639768600464,low
REP01_E07,Fanar-1-9B,base,item,230,43,3584,11,0.2619047619047619,230,0.07059979438781738,153,0.6652173913043479,139.03089818234673,0.6044821660102032,72.73906707763672,0.31625681338102923,0.3902691602706909,low
REP01_E07,Fanar-1-9B,base,item,230,43,3584,12,0.2857142857142857,230,0.07108546048402786,149,0.6478260869565218,133.43949412625878,0.5801717135924295,68.5208511352539,0.29791674406632135,0.40962114930152893,low
REP01_E07,Fanar-1-9B,base,item,230,43,3584,13,0.30952380952380953,230,0.07151643186807632,147,0.6391304347826087,129.7182189702567,0.5639922563924203,65.91183471679688,0.286573194420856,0.43105843663215637,low
REP01_E07,Fanar-1-9B,base,item,230,43,3584,14,0.3333333333333333,230,0.07773790508508682,144,0.6260869565217392,124.19124095243173,0.5399619171844857,60.5384521484375,0.26321066151494565,0.4284813106060028,low
REP01_E07,Fanar-1-9B,base,item,230,43,3584,15,0.35714285714285715,230,0.08611052483320236,142,0.6173913043478261,117.1466748319383,0.5093333688345143,52.63766098022461,0.22885939556619395,0.47051727771759033,low
REP01_E07,Fanar-1-9B,base,item,230,43,3584,16,0.38095238095238093,230,0.08209175616502762,142,0.6173913043478261,118.73511007776933,0.5162396090337797,55.55044174194336,0.24152365974757983,0.5125460028648376,low
REP01_E07,Fanar-1-9B,base,item,230,43,3584,17,0.40476190476190477,230,0.08373641222715378,143,0.6217391304347826,121.06979148214968,0.5263903977484768,57.12607955932617,0.24837425895359205,0.48084327578544617,low
REP01_E07,Fanar-1-9B,base,item,230,43,3584,18,0.42857142857142855,230,0.08845765888690948,140,0.6086956521739131,117.28842119344951,0.5099496573628239,54.1921272277832,0.2356179444686226,0.47453731298446655,low
REP01_E07,Fanar-1-9B,base,item,230,43,3584,19,0.4523809523809524,230,0.08867757767438889,138,0.6,115.92926634586179,0.5040402884602686,53.86105728149414,0.23417850991953973,0.5344181060791016,low
REP01_E07,Fanar-1-9B,base,item,230,43,3584,20,0.47619047619047616,230,0.09775114059448242,135,0.5869565217391305,110.61014061212263,0.4809136548353158,48.664432525634766,0.21158448924189027,0.5350735783576965,low
REP01_E07,Fanar-1-9B,base,item,230,43,3584,21,0.5,230,0.1052308902144432,134,0.5826086956521739,107.71205176841072,0.46831326855830746,45.45069885253906,0.19761173414147418,0.5529533624649048,low
REP01_E07,Fanar-1-9B,base,item,230,43,3584,22,0.5238095238095238,230,0.12110251188278198,129,0.5608695652173913,100.05891313109775,0.4350387527439033,38.92779541015625,0.1692512843919837,0.5926005840301514,low
REP01_E07,Fanar-1-9B,base,item,230,43,3584,23,0.5476190476190477,230,0.11643499881029129,125,0.5434782608695652,97.39412291445188,0.42345270832370385,39.23605728149414,0.1705915533978006,0.6217172741889954,low
REP01_E07,Fanar-1-9B,base,item,230,43,3584,24,0.5714285714285714,230,0.12798906862735748,119,0.5173913043478261,87.91964422843408,0.3822593227323221,33.322566986083984,0.1448807260264521,0.6612955927848816,low
REP01_E07,Fanar-1-9B,base,item,230,43,3584,25,0.5952380952380952,230,0.13650350272655487,116,0.5043478260869565,83.53201956909301,0.36318269377866524,30.651714324951172,0.1332683231519616,0.6930592060089111,low
REP01_E07,Fanar-1-9B,base,item,230,43,3584,26,0.6190476190476191,230,0.149957537651062,112,0.48695652173913045,78.81930357551478,0.3426926242413686,27.41547203063965,0.11919770448104194,0.6624891757965088,low
REP01_E07,Fanar-1-9B,base,item,230,43,3584,27,0.6428571428571429,230,0.12467382103204727,115,0.5,86.4485901624475,0.37586343548890216,33.6539306640625,0.14632143766983696,0.6902154684066772,low
REP01_E07,Fanar-1-9B,base,item,230,43,3584,28,0.6666666666666666,230,0.13423573970794678,117,0.508695652173913,87.8587087990842,0.38199438608297476,32.50535583496094,0.14132763406504756,0.6742814183235168,low
REP01_E07,Fanar-1-9B,base,item,230,43,3584,29,0.6904761904761905,230,0.1396542638540268,119,0.5173913043478261,88.96818783812923,0.38681820799186617,31.857332229614258,0.13851014012875765,0.6597840785980225,low
REP01_E07,Fanar-1-9B,base,item,230,43,3584,30,0.7142857142857143,230,0.11670874804258347,122,0.5304347826086957,95.6340334549803,0.41580014545643607,38.33418273925781,0.16667035973590352,0.6877138614654541,low
REP01_E07,Fanar-1-9B,base,item,230,43,3584,31,0.7380952380952381,230,0.1176038458943367,122,0.5304347826086957,96.67159154946901,0.42031126760638704,38.74493408203125,0.1684562351392663,0.6872028112411499,low
REP01_E07,Fanar-1-9B,base,item,230,43,3584,32,0.7619047619047619,230,0.11915141344070435,123,0.5347826086956522,97.1665026575254,0.42246305503271914,38.70479965209961,0.1682817376178244,0.6916439533233643,low
REP01_E07,Fanar-1-9B,base,item,230,43,3584,33,0.7857142857142857,230,0.12959139049053192,122,0.5304347826086957,93.64398857666495,0.4071477764202824,35.31119918823242,0.1535269529923149,0.6985418200492859,low
REP01_E07,Fanar-1-9B,base,item,230,43,3584,34,0.8095238095238095,230,0.11292906850576401,123,0.5347826086956522,97.68723514316366,0.42472710931810287,40.170310974121094,0.17465352597443953,0.718406617641449,low
REP01_E07,Fanar-1-9B,base,item,230,43,3584,35,0.8333333333333334,230,0.12246055155992508,122,0.5304347826086957,95.22926391873315,0.41404027790753545,37.30857467651367,0.16221119424571162,0.7275400161743164,low
REP01_E07,Fanar-1-9B,base,item,230,43,3584,36,0.8571428571428571,230,0.12617376446723938,120,0.5217391304347826,92.35439859379363,0.40154086345127665,35.38914108276367,0.15386583079462465,0.7387142777442932,low
REP01_E07,Fanar-1-9B,base,item,230,43,3584,37,0.8809523809523809,230,0.12730181217193604,120,0.5217391304347826,90.88395502304725,0.395147630534988,34.65224838256836,0.15066194948942765,0.7322627305984497,low
REP01_E07,Fanar-1-9B,base,item,230,43,3584,38,0.9047619047619048,230,0.13907141983509064,117,0.508695652173913,86.55591611392431,0.3763300700605405,31.280681610107422,0.13600296352220617,0.7532578110694885,low
REP01_E07,Fanar-1-9B,base,item,230,43,3584,39,0.9285714285714286,230,0.12301209568977356,117,0.508695652173913,89.88656690623971,0.3908111604619118,35.29611587524414,0.1534613733706267,0.7627418041229248,low
REP01_E07,Fanar-1-9B,base,item,230,43,3584,40,0.9523809523809523,230,0.11880648881196976,118,0.5130434782608696,91.11362666547316,0.39614620289336155,36.62685012817383,0.159247174470321,0.7780851721763611,low
REP01_E07,Fanar-1-9B,base,item,230,43,3584,41,0.9761904761904762,230,0.1676195114850998,111,0.4826086956521739,74.95435081730591,0.3258884818143735,24.218002319335938,0.10529566225798234,0.8160651922225952,low
REP01_E07,Fanar-1-9B,base,item,230,43,3584,42,1.0,230,0.4227549433708191,72,0.3130434782608696,22.5964776257884,0.09824555489473218,5.144073486328125,0.022365536897078805,0.9097467660903931,moderate
REP01_E07b,Fanar-1-9B,full,family,490,43,3584,0,0.0,490,0.06033531576395035,131,0.2673469387755102,127.02152202505012,0.25922759596949,78.3847427368164,0.15996886272819674,0.25512006878852844,moderate
REP01_E07b,Fanar-1-9B,full,family,490,43,3584,1,0.023809523809523808,490,0.03900850936770439,134,0.27346938775510204,137.16420952615948,0.279926958216652,91.49541473388672,0.18672533619160556,0.18408335745334625,moderate
REP01_E07b,Fanar-1-9B,full,family,490,43,3584,2,0.047619047619047616,490,0.035947054624557495,153,0.3122448979591837,162.6519783138273,0.3319428128853618,104.50897979736328,0.2132836322395169,0.22606690227985382,low
REP01_E07b,Fanar-1-9B,full,family,490,43,3584,3,0.07142857142857142,490,0.03490952402353287,193,0.39387755102040817,203.36384596425722,0.4150282570699127,128.02883911132812,0.26128334512515944,0.267617791891098,low
REP01_E07b,Fanar-1-9B,full,family,490,43,3584,4,0.09523809523809523,490,0.03456593677401543,220,0.4489795918367347,228.73306657331943,0.46680217668024376,141.5297088623047,0.2888361405353157,0.2555162012577057,low
REP01_E07b,Fanar-1-9B,full,family,490,43,3584,5,0.11904761904761904,490,0.04313059523701668,222,0.4530612244897959,214.95015215790988,0.4386737799141018,115.85881805419922,0.23644656745754944,0.27093809843063354,low
REP01_E07b,Fanar-1-9B,full,family,490,43,3584,6,0.14285714285714285,490,0.04319531098008156,214,0.43673469387755104,200.4363175752074,0.40905370933715796,102.487060546875,0.20915726642219387,0.2951040267944336,low
REP01_E07b,Fanar-1-9B,full,family,490,43,3584,7,0.16666666666666666,490,0.04280063509941101,227,0.463265306122449,206.5943360204127,0.4216210939192096,103.61727905273438,0.21146383480149872,0.2990168333053589,low
REP01_E07b,Fanar-1-9B,full,family,490,43,3584,8,0.19047619047619047,490,0.04885263741016388,233,0.47551020408163264,208.31179836011222,0.42512611910226983,102.0575942993164,0.20828080469248247,0.32293620705604553,low
REP01_E07b,Fanar-1-9B,full,family,490,43,3584,9,0.21428571428571427,490,0.05788252502679825,229,0.4673469387755102,200.28183158299342,0.4087384318020274,93.0610580444336,0.18992052662129305,0.31507599353790283,low
REP01_E07b,Fanar-1-9B,full,family,490,43,3584,10,0.23809523809523808,490,0.04796981066465378,230,0.46938775510204084,201.6850620948859,0.41160216754058343,97.99738311767578,0.19999465942382813,0.34643635153770447,low
REP01_E07b,Fanar-1-9B,full,family,490,43,3584,11,0.2619047619047619,490,0.047770582139492035,232,0.47346938775510206,200.08195058004375,0.4083305113878444,95.5416488647461,0.19498295686682876,0.36535799503326416,low
REP01_E07b,Fanar-1-9B,full,family,490,43,3584,12,0.2857142857142857,490,0.04765412583947182,228,0.46530612244897956,192.1605650466289,0.392164418462508,89.67007446289062,0.1830001519650829,0.3778128921985626,low
REP01_E07b,Fanar-1-9B,full,family,490,43,3584,13,0.30952380952380953,490,0.0468701496720314,228,0.46530612244897956,189.38230283444997,0.38649449558051013,87.430419921875,0.1784294284119898,0.389318585395813,low
REP01_E07b,Fanar-1-9B,full,family,490,43,3584,14,0.3333333333333333,490,0.05105986446142197,228,0.46530612244897956,187.0401392445501,0.38171456988683694,84.28726196289062,0.17201482033242985,0.3995605409145355,low
REP01_E07b,Fanar-1-9B,full,family,490,43,3584,15,0.35714285714285715,490,0.059005219489336014,229,0.4673469387755102,181.27203442565227,0.36994292739929036,76.172607421875,0.1554543008609694,0.4462549090385437,low
REP01_E07b,Fanar-1-9B,full,family,490,43,3584,16,0.38095238095238093,490,0.052437108010053635,229,0.4673469387755102,182.15905565292246,0.3717531748018826,78.64768981933594,0.1605054894272162,0.48405852913856506,low
REP01_E07b,Fanar-1-9B,full,family,490,43,3584,17,0.40476190476190477,490,0.0553029328584671,233,0.47551020408163264,187.22841996843698,0.3820988162621163,81.26158142089844,0.16583996208346619,0.45884546637535095,low
REP01_E07b,Fanar-1-9B,full,family,490,43,3584,18,0.42857142857142855,490,0.061904873698949814,226,0.46122448979591835,178.94661763468883,0.36519717884630376,75.70049285888672,0.15449080175283003,0.45727941393852234,low
REP01_E07b,Fanar-1-9B,full,family,490,43,3584,19,0.4523809523809524,490,0.059060338884592056,223,0.45510204081632655,176.87464566820606,0.36096866462899196,76.21988677978516,0.15555078934650032,0.5128036737442017,low
REP01_E07b,Fanar-1-9B,full,family,490,43,3584,20,0.47619047619047616,490,0.06807459890842438,218,0.4448979591836735,170.10768778010552,0.34715854649001127,70.07447052001953,0.14300912351024395,0.5218424201011658,low
REP01_E07b,Fanar-1-9B,full,family,490,43,3584,21,0.5,490,0.07905613631010056,216,0.44081632653061226,164.503364460558,0.3357211519603225,63.65323257446289,0.12990455627441405,0.5455114841461182,low
REP01_E07b,Fanar-1-9B,full,family,490,43,3584,22,0.5238095238095238,490,0.08760080486536026,207,0.42244897959183675,153.98353545243114,0.3142521131682268,56.996482849121094,0.11631935275330836,0.5876718163490295,low
REP01_E07b,Fanar-1-9B,full,family,490,43,3584,23,0.5476190476190477,490,0.0819249227643013,196,0.4,146.92861288534132,0.2998543120109007,56.703433990478516,0.11572129385811943,0.6121428608894348,low
REP01_E07b,Fanar-1-9B,full,family,490,43,3584,24,0.5714285714285714,490,0.09228110313415527,186,0.3795918367346939,131.85205368352692,0.2690858238439325,48.108333587646484,0.09818027262784997,0.650844395160675,low
REP01_E07b,Fanar-1-9B,full,family,490,43,3584,25,0.5952380952380952,490,0.09951943904161453,179,0.3653061224489796,124.99810394229088,0.2550981713107977,44.16377258300781,0.09013014812858737,0.6854986548423767,low
REP01_E07b,Fanar-1-9B,full,family,490,43,3584,26,0.6190476190476191,490,0.118468277156353,175,0.35714285714285715,116.156078118232,0.23705322064945306,37.543575286865234,0.07661954140176579,0.6586195826530457,low
REP01_E07b,Fanar-1-9B,full,family,490,43,3584,27,0.6428571428571429,490,0.08911130577325821,180,0.3673469387755102,128.69309458943474,0.2626389685498668,47.603694915771484,0.09715039778728875,0.6727803349494934,low
REP01_E07b,Fanar-1-9B,full,family,490,43,3584,28,0.6666666666666666,490,0.09604869037866592,179,0.3653061224489796,131.74326722584792,0.26886381066499576,47.54323196411133,0.09702700400839047,0.6719419956207275,low
REP01_E07b,Fanar-1-9B,full,family,490,43,3584,29,0.6904761904761905,490,0.10257130116224289,182,0.37142857142857144,131.15858275531414,0.26767057705166153,45.34471893310547,0.0925402427206234,0.660947859287262,low
REP01_E07b,Fanar-1-9B,full,family,490,43,3584,30,0.7142857142857143,490,0.08323047310113907,184,0.37551020408163266,137.78985732970395,0.2812037904687836,52.18924331665039,0.10650865982989875,0.6843847036361694,low
REP01_E07b,Fanar-1-9B,full,family,490,43,3584,31,0.7380952380952381,490,0.08692062646150589,183,0.373469387755102,138.62364836320742,0.2829054048228723,52.1558837890625,0.10644057916135204,0.6896185278892517,low
REP01_E07b,Fanar-1-9B,full,family,490,43,3584,32,0.7619047619047619,490,0.08604834973812103,185,0.37755102040816324,140.51415182936648,0.28676357516197243,53.20170974731445,0.10857491785166215,0.6945318579673767,low
REP01_E07b,Fanar-1-9B,full,family,490,43,3584,33,0.7857142857142857,490,0.09892693161964417,181,0.3693877551020408,133.2600541019942,0.27195929408570246,47.08963394165039,0.09610129375847018,0.706628680229187,low
REP01_E07b,Fanar-1-9B,full,family,490,43,3584,34,0.8095238095238095,490,0.08587043732404709,184,0.37551020408163266,138.9336772809584,0.2835381168999151,52.517578125,0.10717873086734694,0.7239835262298584,low
REP01_E07b,Fanar-1-9B,full,family,490,43,3584,35,0.8333333333333334,490,0.09235245734453201,183,0.373469387755102,133.25484364952987,0.27194866050924466,47.584110260009766,0.09711042910206075,0.7318231463432312,low
REP01_E07b,Fanar-1-9B,full,family,490,43,3584,36,0.8571428571428571,490,0.09664905071258545,181,0.3693877551020408,126.73136701353343,0.2586354428847621,43.51183319091797,0.08879965957330198,0.7416063547134399,low
REP01_E07b,Fanar-1-9B,full,family,490,43,3584,37,0.8809523809523809,490,0.09041357785463333,181,0.3693877551020408,125.66020113488915,0.2564493900712023,43.85608673095703,0.08950221781827966,0.7352619171142578,low
REP01_E07b,Fanar-1-9B,full,family,490,43,3584,38,0.9047619047619048,490,0.10388721525669098,176,0.35918367346938773,114.77889894735775,0.234242650912975,37.132713317871094,0.07578104758749203,0.7586613893508911,low
REP01_E07b,Fanar-1-9B,full,family,490,43,3584,39,0.9285714285714286,490,0.0884532481431961,179,0.3653061224489796,118.84137167684533,0.24253341158539862,40.592586517333984,0.0828420133006816,0.7599260807037354,low
REP01_E07b,Fanar-1-9B,full,family,490,43,3584,40,0.9523809523809523,490,0.08638279139995575,182,0.37142857142857144,122.75414391487367,0.2505186610507626,42.646324157714844,0.08703331460758132,0.7765136957168579,low
REP01_E07b,Fanar-1-9B,full,family,490,43,3584,41,0.9761904761904762,490,0.11552164703607559,174,0.3551020408163265,109.4098870506686,0.22328548377687468,34.67210006713867,0.07075938789211973,0.8155196309089661,low
REP01_E07b,Fanar-1-9B,full,family,490,43,3584,42,1.0,490,0.3222777843475342,116,0.23673469387755103,39.54002959433358,0.08069393794761956,8.170909881591797,0.01667532628896285,0.9172844886779785,moderate
REP01_E08,ALLaM-7B,base,item,230,33,4096,0,0.0,230,0.042191412299871445,133,0.5782608695652174,136.48945622366512,0.5934324183637614,101.63037872314453,0.4418712118397588,0.033932916820049286,low
REP01_E08,ALLaM-7B,base,item,230,33,4096,1,0.03125,230,0.06773537397384644,134,0.5826086956521739,140.72630732500406,0.6118535101087132,84.79517364501953,0.368674668021824,0.5701576471328735,low
REP01_E08,ALLaM-7B,base,item,230,33,4096,2,0.0625,230,0.5709779262542725,84,0.3652173913043478,15.056357644392602,0.0654624245408374,3.0271270275115967,0.013161421858746072,0.8676537275314331,high
REP01_E08,ALLaM-7B,base,item,230,33,4096,3,0.09375,230,0.996829628944397,1,0.004347826086956522,1.0356481349705733,0.004502817978132927,1.0063709020614624,0.004375525661136793,0.30846360325813293,collapsed
REP01_E08,ALLaM-7B,base,item,230,33,4096,4,0.125,230,0.9999731183052063,1,0.004347826086956522,1.0004282302562229,0.004349687957635752,1.0000537633895874,0.0043480598408242935,0.21924827992916107,collapsed
REP01_E08,ALLaM-7B,base,item,230,33,4096,5,0.15625,230,0.9999687075614929,1,0.004347826086956522,1.0005020528583182,0.004350008925470949,1.0000624656677246,0.004348097676816194,0.2037355601787567,collapsed
REP01_E08,ALLaM-7B,base,item,230,33,4096,6,0.1875,230,0.9999640583992004,1,0.004347826086956522,1.000578952552489,0.004350343271967344,1.0000718832015991,0.004348138622615648,0.18803618848323822,collapsed
REP01_E08,ALLaM-7B,base,item,230,33,4096,7,0.21875,230,0.9999589920043945,1,0.004347826086956522,1.0006608624190905,0.004350699401822132,1.0000821352005005,0.0043481831965239155,0.18899306654930115,collapsed
REP01_E08,ALLaM-7B,base,item,230,33,4096,8,0.25,230,0.9999533891677856,1,0.004347826086956522,1.0007465993833646,0.00435107217123202,1.0000932216644287,0.004348231398540995,0.21391518414020538,collapsed
REP01_E08,ALLaM-7B,base,item,230,33,4096,9,0.28125,230,0.9999446868896484,1,0.004347826086956522,1.0008750936389703,0.004351630841908567,1.0001106262207031,0.004348307070524796,0.2456522285938263,collapsed
REP01_E08,ALLaM-7B,base,item,230,33,4096,10,0.3125,230,0.9999345541000366,1,0.004347826086956522,1.0010285691552112,0.004352298126761788,1.0001308917999268,0.004348395181738812,0.28105953335762024,collapsed
REP01_E08,ALLaM-7B,base,item,230,33,4096,11,0.34375,230,0.9999221563339233,1,0.004347826086956522,1.0012116068841692,0.004353093942974649,1.0001556873321533,0.004348502988400667,0.3297898471355438,collapsed
REP01_E08,ALLaM-7B,base,item,230,33,4096,12,0.375,230,0.9999074935913086,1,0.004347826086956522,1.0014189440203833,0.004353995408784276,1.0001850128173828,0.00434863049051036,0.3409847617149353,collapsed
REP01_E08,ALLaM-7B,base,item,230,33,4096,13,0.40625,230,0.9998925924301147,1,0.004347826086956522,1.0016304470089938,0.0043549149869956255,1.0002148151397705,0.004348760065825089,0.35963183641433716,collapsed
REP01_E08,ALLaM-7B,base,item,230,33,4096,14,0.4375,230,0.9998820424079895,1,0.004347826086956522,1.0017783637257156,0.004355558103155285,1.0002360343933105,0.004348852323449177,0.3684141933917999,collapsed
REP01_E08,ALLaM-7B,base,item,230,33,4096,15,0.46875,230,0.9998674392700195,1,0.004347826086956522,1.0019807898446977,0.004356438216716077,1.0002652406692505,0.004348979307257611,0.38229110836982727,collapsed
REP01_E08,ALLaM-7B,base,item,230,33,4096,16,0.5,230,0.9998520016670227,1,0.004347826086956522,1.0021928745625304,0.004357360324184914,1.0002961158752441,0.004349113547283671,0.38960930705070496,collapsed
REP01_E08,ALLaM-7B,base,item,230,33,4096,17,0.53125,230,0.9998326897621155,1,0.004347826086956522,1.0024499020602207,0.004358477835044438,1.0003347396850586,0.004349281476891559,0.39370644092559814,collapsed
REP01_E08,ALLaM-7B,base,item,230,33,4096,18,0.5625,230,0.9998080730438232,1,0.004347826086956522,1.0027776934357533,0.004359903014938058,1.000383973121643,0.004349495535311491,0.36229053139686584,collapsed
REP01_E08,ALLaM-7B,base,item,230,33,4096,19,0.59375,230,0.9997918009757996,1,0.004347826086956522,1.0029969771793452,0.004360856422518892,1.00041663646698,0.004349637549856435,0.3980106711387634,collapsed
REP01_E08,ALLaM-7B,base,item,230,33,4096,20,0.625,230,0.9997746348381042,1,0.004347826086956522,1.0032203072969315,0.0043618274230301365,1.0004509687423706,0.004349786820619003,0.4180455207824707,collapsed
REP01_E08,ALLaM-7B,base,item,230,33,4096,21,0.65625,230,0.9997548460960388,1,0.004347826086956522,1.0034774665221222,0.004362945506617923,1.0004905462265015,0.004349958896636963,0.43890222907066345,collapsed
REP01_E08,ALLaM-7B,base,item,230,33,4096,22,0.6875,230,0.9997371435165405,1,0.004347826086956522,1.0036993329819084,0.004363910143399602,1.0005258321762085,0.004350112313809602,0.4605816900730133,collapsed
REP01_E08,ALLaM-7B,base,item,230,33,4096,23,0.71875,230,0.9996933341026306,1,0.004347826086956522,1.0042575113521324,0.004366337005878836,1.0006136894226074,0.004350494301837424,0.44929832220077515,collapsed
REP01_E08,ALLaM-7B,base,item,230,33,4096,24,0.75,230,0.9996427893638611,1,0.004347826086956522,1.0048887969251108,0.0043690817257613515,1.000714898109436,0.004350934339606244,0.4510384798049927,collapsed
REP01_E08,ALLaM-7B,base,item,230,33,4096,25,0.78125,230,0.9995434284210205,1,0.004347826086956522,1.0061292578679382,0.004374475034208427,1.0009137392044067,0.004351798866106116,0.4601535499095917,collapsed
REP01_E08,ALLaM-7B,base,item,230,33,4096,26,0.8125,230,0.9994071125984192,1,0.004347826086956522,1.0078010640181063,0.004381743756600462,1.0011868476867676,0.004352986294290294,0.45769378542900085,collapsed
REP01_E08,ALLaM-7B,base,item,230,33,4096,27,0.84375,230,0.9992445707321167,1,0.004347826086956522,1.0097311998064566,0.00439013565133242,1.0015126466751099,0.004354402811630912,0.4562128186225891,collapsed
REP01_E08,ALLaM-7B,base,item,230,33,4096,28,0.875,230,0.9989988207817078,1,0.004347826086956522,1.0126019468298888,0.004402617160129951,1.0020053386688232,0.0043565449507340145,0.466476708650589,collapsed
REP01_E08,ALLaM-7B,base,item,230,33,4096,29,0.90625,230,0.9985164999961853,1,0.004347826086956522,1.0181177323703583,0.004426598836392862,1.0029735565185547,0.0043607545935589334,0.46107417345046997,collapsed
REP01_E08,ALLaM-7B,base,item,230,33,4096,30,0.9375,230,0.9979490041732788,1,0.004347826086956522,1.0244353928391843,0.004454066925387757,1.0041146278381348,0.004365715773209281,0.4688791334629059,collapsed
REP01_E08,ALLaM-7B,base,item,230,33,4096,31,0.96875,230,0.9931150674819946,1,0.004347826086956522,1.0747883660374151,0.0046729928958148485,1.013912320137024,0.004408314435378365,0.4739387035369873,collapsed
REP01_E08,ALLaM-7B,base,item,230,33,4096,32,1.0,230,0.36766257882118225,61,0.26521739130434785,24.641259057899482,0.10713590894738906,6.485764026641846,0.02819897402887759,0.45927315950393677,moderate
REP01_E08b,ALLaM-7B,full,family,490,33,4096,0,0.0,490,0.0226492527872324,246,0.5020408163265306,255.90334246524637,0.5222517193168293,191.87586975097656,0.3915834076550542,0.02703661099076271,low
REP01_E08b,ALLaM-7B,full,family,490,33,4096,1,0.03125,490,0.062262535095214844,252,0.5142857142857142,248.0976839586655,0.5063218039972766,119.62659454345703,0.24413590723154496,0.584440290927887,low
REP01_E08b,ALLaM-7B,full,family,490,33,4096,2,0.0625,490,0.5867151021957397,133,0.2714285714285714,16.92270071515582,0.034536123908481264,2.8747518062591553,0.005866840420937052,0.8721591234207153,high
REP01_E08b,ALLaM-7B,full,family,490,33,4096,3,0.09375,490,0.9966632723808289,1,0.0020408163265306124,1.0383278564139897,0.0021190364416612036,1.006706714630127,0.002054503499245157,0.29787948727607727,collapsed
REP01_E08b,ALLaM-7B,full,family,490,33,4096,4,0.125,490,0.9999732971191406,1,0.0020408163265306124,1.0004392076832282,0.002041712668741282,1.0000532865524292,0.0020409250745967943,0.23159287869930267,collapsed
REP01_E08b,ALLaM-7B,full,family,490,33,4096,5,0.15625,490,0.9999685883522034,1,0.0020408163265306124,1.000512857838742,0.002041862975181106,1.0000628232955933,0.0020409445373379452,0.22461915016174316,collapsed
REP01_E08b,ALLaM-7B,full,family,490,33,4096,6,0.1875,490,0.9999637007713318,1,0.0020408163265306124,1.0005967789939083,0.002042034242844711,1.0000725984573364,0.0020409644866476256,0.21267923712730408,collapsed
REP01_E08b,ALLaM-7B,full,family,490,33,4096,7,0.21875,490,0.9999574422836304,1,0.0020408163265306124,1.0006988714188894,0.0020422425947324275,1.0000851154327393,0.002040990031495386,0.20652492344379425,collapsed
REP01_E08b,ALLaM-7B,full,family,490,33,4096,8,0.25,490,0.9999508857727051,1,0.0020408163265306124,1.0008007623897097,0.0020424505354892037,1.0000982284545898,0.002041016792764469,0.24016247689723969,collapsed
REP01_E08b,ALLaM-7B,full,family,490,33,4096,9,0.28125,490,0.999941349029541,1,0.0020408163265306124,1.0009482756384365,0.0020427515829355846,1.0001174211502075,0.0020410559615310357,0.2739437222480774,collapsed
REP01_E08b,ALLaM-7B,full,family,490,33,4096,10,0.3125,490,0.9999297857284546,1,0.0020408163265306124,1.00112430635502,0.002043110829295959,1.0001403093338013,0.0020411026721097983,0.3003360629081726,collapsed
REP01_E08b,ALLaM-7B,full,family,490,33,4096,11,0.34375,490,0.9999167323112488,1,0.0020408163265306124,1.0013241138808808,0.0020435185997568998,1.0001665353775024,0.002041156194647964,0.3375338017940521,collapsed
REP01_E08b,ALLaM-7B,full,family,490,33,4096,12,0.375,490,0.9998992085456848,1,0.0020408163265306124,1.0015787144964035,0.002044038192849803,1.00020170211792,0.002041227963505959,0.3377598226070404,collapsed
REP01_E08b,ALLaM-7B,full,family,490,33,4096,13,0.40625,490,0.9998829364776611,1,0.0020408163265306124,1.0018170954568109,0.0020445246846057365,1.0002342462539673,0.0020412943801101373,0.3543609380722046,collapsed
REP01_E08b,ALLaM-7B,full,family,490,33,4096,14,0.4375,490,0.9998696446418762,1,0.0020408163265306124,1.0020076061664853,0.002044913481972419,1.0002607107162476,0.0020413483892168316,0.3597041070461273,collapsed
REP01_E08b,ALLaM-7B,full,family,490,33,4096,15,0.46875,490,0.9998530745506287,1,0.0020408163265306124,1.0022449639749107,0.0020453978856630833,1.0002938508987427,0.002041416022242332,0.3786660432815552,collapsed
REP01_E08b,ALLaM-7B,full,family,490,33,4096,16,0.5,490,0.9998366832733154,1,0.0020408163265306124,1.0024773242585423,0.0020458720903235557,1.0003266334533691,0.002041482925415039,0.3876819908618927,collapsed
REP01_E08b,ALLaM-7B,full,family,490,33,4096,17,0.53125,490,0.9998185634613037,1,0.0020408163265306124,1.0027310326669663,0.0020463898625856453,1.0003631114959717,0.0020415573703999423,0.39759561419487,collapsed
REP01_E08b,ALLaM-7B,full,family,490,33,4096,18,0.5625,490,0.9997945427894592,1,0.0020408163265306124,1.003057198263262,0.002047055506659718,1.000411033630371,0.0020416551706742268,0.3643980324268341,collapsed
REP01_E08b,ALLaM-7B,full,family,490,33,4096,19,0.59375,490,0.9997764825820923,1,0.0020408163265306124,1.003300967263249,0.002047552994414794,1.000447154045105,0.0020417288858063367,0.4014587104320526,collapsed
REP01_E08b,ALLaM-7B,full,family,490,33,4096,20,0.625,490,0.9997586011886597,1,0.0020408163265306124,1.0035399775306901,0.002048040770470796,1.0004829168319702,0.0020418018710856535,0.4224911332130432,collapsed
REP01_E08b,ALLaM-7B,full,family,490,33,4096,21,0.65625,490,0.9997393488883972,1,0.0020408163265306124,1.0037955836310744,0.002048562415573621,1.0005214214324951,0.0020418804519030513,0.45159775018692017,collapsed
REP01_E08b,ALLaM-7B,full,family,490,33,4096,22,0.6875,490,0.999720573425293,1,0.0020408163265306124,1.004041529420787,0.002049064345756708,1.0005590915679932,0.0020419573297305984,0.473757803440094,collapsed
REP01_E08b,ALLaM-7B,full,family,490,33,4096,23,0.71875,490,0.9996762275695801,1,0.0020408163265306124,1.004622363661861,0.0020502497217589,1.0006479024887085,0.0020421385765075684,0.4688272178173065,collapsed
REP01_E08b,ALLaM-7B,full,family,490,33,4096,24,0.75,490,0.9996169209480286,1,0.0020408163265306124,1.0053872639883912,0.0020518107428334513,1.0007665157318115,0.0020423806443506357,0.468108206987381,collapsed
REP01_E08b,ALLaM-7B,full,family,490,33,4096,25,0.78125,490,0.9994922280311584,1,0.0020408163265306124,1.0069890993199906,0.0020550797945305932,1.00101637840271,0.0020428905681687958,0.4706302583217621,collapsed
REP01_E08b,ALLaM-7B,full,family,490,33,4096,26,0.8125,490,0.9993208050727844,1,0.0020408163265306124,1.0091511326720592,0.0020594921074939985,1.0013598203659058,0.0020435914701345016,0.4638468027114868,collapsed
REP01_E08b,ALLaM-7B,full,family,490,33,4096,27,0.84375,490,0.9991103410720825,1,0.0020408163265306124,1.0117285238811424,0.0020647520895533517,1.001781702041626,0.0020444524531461755,0.4632367491722107,collapsed
REP01_E08b,ALLaM-7B,full,family,490,33,4096,28,0.875,490,0.9987896084785461,1,0.0020408163265306124,1.0155723922672584,0.002072596718912772,1.002425193786621,0.002045765701605349,0.472900927066803,collapsed
REP01_E08b,ALLaM-7B,full,family,490,33,4096,29,0.90625,490,0.9981390237808228,1,0.0020408163265306124,1.0232098210330252,0.0020881833082306636,1.0037323236465454,0.0020484333135643786,0.4620952606201172,collapsed
REP01_E08b,ALLaM-7B,full,family,490,33,4096,30,0.9375,490,0.9972823262214661,1,0.0020408163265306124,1.0329634387024849,0.0021080886504132343,1.0054575204849243,0.0020519541234386212,0.4615239202976227,collapsed
REP01_E08b,ALLaM-7B,full,family,490,33,4096,31,0.96875,490,0.9905166625976562,1,0.0020408163265306124,1.1053509496996028,0.002255818264693067,1.0192383527755737,0.0020800782709705585,0.46157440543174744,collapsed
REP01_E08b,ALLaM-7B,full,family,490,33,4096,32,1.0,490,0.3115641176700592,89,0.1816326530612245,34.095982873679674,0.06958363851771363,8.361371040344238,0.01706402253131477,0.41704249382019043,moderate
