run_id,model,surface,real_split,layer,normalized_depth,overlap_template_eta2,overlap_source_eta2,real_template_eta2,real_root_eta2,real_family_eta2,real_affix_eta2
REP01_E03,Qwen3-1.7B,base,item,0,0.0,0.04915153044019913,0.01788219482502439,0.22515454404108348,0.8187775941441624,nan,nan
REP01_E03,Qwen3-1.7B,base,item,1,0.03571428571428571,0.06579766675671823,0.029297144574112442,0.19370928388794612,0.8315391641099767,nan,nan
REP01_E03,Qwen3-1.7B,base,item,2,0.07142857142857142,0.0721052100650222,0.0988872387150695,0.24237431718452293,0.7330739888999961,nan,nan
REP01_E03,Qwen3-1.7B,base,item,3,0.10714285714285714,0.06780666679855851,0.15794810631704406,0.28737685788197087,0.7054007338595706,nan,nan
REP01_E03,Qwen3-1.7B,base,item,4,0.14285714285714285,0.0678141535407828,0.15794433222373142,0.2873846111546225,0.7053958694263978,nan,nan
REP01_E03,Qwen3-1.7B,base,item,5,0.17857142857142858,0.06782582361670013,0.1579267055200427,0.28738054622954756,0.7054088087234471,nan,nan
REP01_E03,Qwen3-1.7B,base,item,6,0.21428571428571427,0.06784783117181138,0.15786715023665404,0.2873832823322239,0.7054040055574665,nan,nan
REP01_E03,Qwen3-1.7B,base,item,7,0.25,0.06787730560741269,0.1578119926689983,0.2873977714339551,0.7053774616440972,nan,nan
REP01_E03,Qwen3-1.7B,base,item,8,0.2857142857142857,0.06788984738337,0.15775983104964345,0.28742498776278386,0.7053649188268869,nan,nan
REP01_E03,Qwen3-1.7B,base,item,9,0.32142857142857145,0.06791970898001495,0.15774461211434823,0.28743556111762986,0.7053570307536632,nan,nan
REP01_E03,Qwen3-1.7B,base,item,10,0.35714285714285715,0.06797044093912,0.15766120893720964,0.2874436296418734,0.7053488885123214,nan,nan
REP01_E03,Qwen3-1.7B,base,item,11,0.39285714285714285,0.06799572372531498,0.15756247132009443,0.28744196188720933,0.7053860839399163,nan,nan
REP01_E03,Qwen3-1.7B,base,item,12,0.42857142857142855,0.06798487802653204,0.15739097076023728,0.28736084827360653,0.705300359724394,nan,nan
REP01_E03,Qwen3-1.7B,base,item,13,0.4642857142857143,0.06791854727257818,0.1573818044713092,0.28726021470347324,0.7053236635268525,nan,nan
REP01_E03,Qwen3-1.7B,base,item,14,0.5,0.06796472319618738,0.15730072087232236,0.28727456018943787,0.7053460596409454,nan,nan
REP01_E03,Qwen3-1.7B,base,item,15,0.5357142857142857,0.06796125497761805,0.15733916045129234,0.28726537858261175,0.7053876308167342,nan,nan
REP01_E03,Qwen3-1.7B,base,item,16,0.5714285714285714,0.06793956297065146,0.15743408122989563,0.2872127631069048,0.7054314330946531,nan,nan
REP01_E03,Qwen3-1.7B,base,item,17,0.6071428571428571,0.06808373660854838,0.1569880337790602,0.2871153590563301,0.705581388311948,nan,nan
REP01_E03,Qwen3-1.7B,base,item,18,0.6428571428571429,0.0681690722005534,0.1568876177675805,0.2874338701179373,0.705869105635596,nan,nan
REP01_E03,Qwen3-1.7B,base,item,19,0.6785714285714286,0.06816643535357428,0.1551990851533982,0.2868535007359469,0.7057881510798761,nan,nan
REP01_E03,Qwen3-1.7B,base,item,20,0.7142857142857143,0.06888216066117472,0.15406746240276284,0.2864997972747731,0.7067372680999948,nan,nan
REP01_E03,Qwen3-1.7B,base,item,21,0.75,0.0705188836660012,0.14978494614524124,0.2863239986605767,0.7070302654692391,nan,nan
REP01_E03,Qwen3-1.7B,base,item,22,0.7857142857142857,0.07212200114589243,0.14151642981084056,0.28567904190085003,0.7071791143577495,nan,nan
REP01_E03,Qwen3-1.7B,base,item,23,0.8214285714285714,0.07325127878260115,0.13595451986235849,0.28491070328664553,0.7086792048636836,nan,nan
REP01_E03,Qwen3-1.7B,base,item,24,0.8571428571428571,0.0730564120487072,0.13386582342152162,0.2841693208479367,0.7105710993275718,nan,nan
REP01_E03,Qwen3-1.7B,base,item,25,0.8928571428571429,0.07304785256303488,0.13383586850317453,0.28419094544324736,0.7129781086992969,nan,nan
REP01_E03,Qwen3-1.7B,base,item,26,0.9285714285714286,0.07172396347835096,0.13144075707020034,0.2815891681886129,0.7138696680337163,nan,nan
REP01_E03,Qwen3-1.7B,base,item,27,0.9642857142857143,0.07111880031963086,0.13589534241128892,0.28190726312221404,0.7171882610646791,nan,nan
REP01_E03,Qwen3-1.7B,base,item,28,1.0,0.11258203771430905,0.055421741923403364,0.26895491040487657,0.7953454283008096,nan,nan
REP01_E05b,Qwen3-1.7B,full,family,0,0.0,0.039110974004904965,0.020821085234301397,0.14607216959537644,0.4779728202881538,0.6511152821731347,0.007080135313774765
REP01_E05b,Qwen3-1.7B,full,family,1,0.03571428571428571,0.055802919846555145,0.03145706829557652,0.13490561646391402,0.5412260080060826,0.6916291592627478,0.009407734953037055
REP01_E05b,Qwen3-1.7B,full,family,2,0.07142857142857142,0.0507044088935461,0.03208624301010777,0.10598076788823242,0.364497501508628,0.4934962227702271,0.044654866547005796
REP01_E05b,Qwen3-1.7B,full,family,3,0.10714285714285714,0.02941929092747599,0.03356248028021525,0.07866659899958393,0.20645198667762898,0.3316794543535049,0.080427743512446
REP01_E05b,Qwen3-1.7B,full,family,4,0.14285714285714285,0.029425578305696906,0.0335515121589214,0.07867557105807681,0.20647412023821748,0.33172125453410983,0.08044498137873418
REP01_E05b,Qwen3-1.7B,full,family,5,0.17857142857142858,0.029430586728894273,0.03354885297369702,0.07868106712439071,0.2065311577446767,0.33177158723597083,0.08044284766967341
REP01_E05b,Qwen3-1.7B,full,family,6,0.21428571428571427,0.029443630419331342,0.033500118080689895,0.07868467590633813,0.2065554918347492,0.33180674174610714,0.080461202122376
REP01_E05b,Qwen3-1.7B,full,family,7,0.25,0.029464505288927894,0.0334456008983802,0.07868611344857275,0.20652657210068084,0.33178460138426746,0.08049735247317033
REP01_E05b,Qwen3-1.7B,full,family,8,0.2857142857142857,0.029490391644562148,0.03341599077626231,0.0787064419408639,0.20651823111576442,0.33177537202842877,0.08049683245781353
REP01_E05b,Qwen3-1.7B,full,family,9,0.32142857142857145,0.029516426591646404,0.03339064218623104,0.07871595798239119,0.20652747463057217,0.33178197075606625,0.08052439151591975
REP01_E05b,Qwen3-1.7B,full,family,10,0.35714285714285715,0.02955295551809536,0.03333575000004809,0.0787407445756955,0.2065926129668177,0.3318476072511003,0.08055355916111721
REP01_E05b,Qwen3-1.7B,full,family,11,0.39285714285714285,0.02959700366818428,0.03329414317925019,0.07876142972626995,0.2067470000950087,0.3319895512134395,0.08056167917769826
REP01_E05b,Qwen3-1.7B,full,family,12,0.42857142857142855,0.029588263505442365,0.03316792274665028,0.07870193056129111,0.2067110586887042,0.3319215842522712,0.08064343859451965
REP01_E05b,Qwen3-1.7B,full,family,13,0.4642857142857143,0.029526232330222054,0.03318038308203549,0.07864152637702279,0.20674310514211713,0.3319533166516877,0.08063312919635113
REP01_E05b,Qwen3-1.7B,full,family,14,0.5,0.029578622841122143,0.0331631121232213,0.07869031070571211,0.20683031837667534,0.33204855091317986,0.08060809287462867
REP01_E05b,Qwen3-1.7B,full,family,15,0.5357142857142857,0.029594807875889695,0.033211483431578044,0.07871017069878618,0.2069622806231654,0.3321293028621868,0.08060429605659987
REP01_E05b,Qwen3-1.7B,full,family,16,0.5714285714285714,0.02961925236656249,0.03325274696827567,0.07872819748219602,0.2071496217786526,0.33234753094400155,0.08062668814691498
REP01_E05b,Qwen3-1.7B,full,family,17,0.6071428571428571,0.029865751391075668,0.033281903888298554,0.07900332333897085,0.20819910325016808,0.3333788111526004,0.08034212206304422
REP01_E05b,Qwen3-1.7B,full,family,18,0.6428571428571429,0.03015863816612408,0.033562647606348216,0.07957032013251604,0.20906123945130797,0.33406771302371957,0.07990155963741119
REP01_E05b,Qwen3-1.7B,full,family,19,0.6785714285714286,0.030365734906114026,0.033076248764189915,0.0795055204321554,0.209704482070299,0.334590742511578,0.07904933094415721
REP01_E05b,Qwen3-1.7B,full,family,20,0.7142857142857143,0.031429950930124156,0.03321151946917576,0.08059914623102181,0.21394668935630548,0.33849781604633156,0.07870710698125
REP01_E05b,Qwen3-1.7B,full,family,21,0.75,0.033340733296131714,0.0320365431427784,0.08189832364469553,0.2178128945051452,0.3423117488196219,0.0773409409898181
REP01_E05b,Qwen3-1.7B,full,family,22,0.7857142857142857,0.03517189196026251,0.028141877193409416,0.08321869990605618,0.22159550585615553,0.34632004317917897,0.07705645739133854
REP01_E05b,Qwen3-1.7B,full,family,23,0.8214285714285714,0.037575062555066936,0.026544553950571075,0.0854194735340741,0.2274694326318347,0.35252092033417826,0.07552598616221556
REP01_E05b,Qwen3-1.7B,full,family,24,0.8571428571428571,0.0380670506968675,0.026295701389914272,0.08676739275592302,0.23423029328155362,0.3589446893034548,0.0750232390442424
REP01_E05b,Qwen3-1.7B,full,family,25,0.8928571428571429,0.03859647929266911,0.02791081831882904,0.08806516591043856,0.24151003889846312,0.36546604974487956,0.07315307644951086
REP01_E05b,Qwen3-1.7B,full,family,26,0.9285714285714286,0.03839238556099691,0.02899153665134999,0.08820863837192068,0.2457101948863778,0.3690895554411516,0.06972620720427897
REP01_E05b,Qwen3-1.7B,full,family,27,0.9642857142857143,0.04037231139374618,0.03381547755829496,0.09077765163964156,0.25325719349770215,0.37584689083887823,0.06785738083915267
REP01_E05b,Qwen3-1.7B,full,family,28,1.0,0.0988308850992584,0.06797235541606594,0.18899632115033288,0.46255614052546473,0.5830468136744831,0.02876798619300566
REP01_E06,Qwen3-8B,base,item,0,0.0,0.048533515211188684,0.01886056549639396,0.23192307682263438,0.8165972721978929,nan,nan
REP01_E06,Qwen3-8B,base,item,1,0.027777777777777776,0.08588077304137838,0.03244379513081028,0.23381437915265782,0.835104070611338,nan,nan
REP01_E06,Qwen3-8B,base,item,2,0.05555555555555555,0.09007926042288468,0.05802566124972899,0.24107491711016898,0.8095427214315996,nan,nan
REP01_E06,Qwen3-8B,base,item,3,0.08333333333333333,0.09007846188907048,0.07326550279078486,0.24636194612104953,0.7922836241417398,nan,nan
REP01_E06,Qwen3-8B,base,item,4,0.1111111111111111,0.11809223288564497,0.06723187365672452,0.25751531294840907,0.7961322864109371,nan,nan
REP01_E06,Qwen3-8B,base,item,5,0.1388888888888889,0.10257737269702563,0.05164102223948434,0.23990705376704977,0.8192332999736972,nan,nan
REP01_E06,Qwen3-8B,base,item,6,0.16666666666666666,0.10110108599520656,0.0328756180248503,0.23534345274577909,0.8531939551908262,nan,nan
REP01_E06,Qwen3-8B,base,item,7,0.19444444444444445,0.06514446164163437,0.15739065393097326,0.2808094032455585,0.6928893839763184,nan,nan
REP01_E06,Qwen3-8B,base,item,8,0.2222222222222222,0.06514594900871787,0.15742613596483174,0.2808149384198908,0.6929050396210177,nan,nan
REP01_E06,Qwen3-8B,base,item,9,0.25,0.0651816103557925,0.15740124290432214,0.2808290648020614,0.6929272106437372,nan,nan
REP01_E06,Qwen3-8B,base,item,10,0.2777777777777778,0.06521483144525492,0.15738716254844973,0.2808456029058689,0.6929316981811963,nan,nan
REP01_E06,Qwen3-8B,base,item,11,0.3055555555555556,0.0652386947065395,0.15733379669897826,0.28085666931434394,0.6929203629733831,nan,nan
REP01_E06,Qwen3-8B,base,item,12,0.3333333333333333,0.06525524987760667,0.15738851617748195,0.2808684648985779,0.6929251106779075,nan,nan
REP01_E06,Qwen3-8B,base,item,13,0.3611111111111111,0.06521731297543995,0.15732527027243118,0.2808644947010519,0.6929185488971666,nan,nan
REP01_E06,Qwen3-8B,base,item,14,0.3888888888888889,0.06520568293606126,0.1574160402484798,0.2808838157409666,0.692943874589547,nan,nan
REP01_E06,Qwen3-8B,base,item,15,0.4166666666666667,0.06521212259895277,0.15737602901449024,0.280901009603393,0.6929323557661463,nan,nan
REP01_E06,Qwen3-8B,base,item,16,0.4444444444444444,0.06522225690887423,0.1573690274944678,0.2809037201141436,0.6929409445312094,nan,nan
REP01_E06,Qwen3-8B,base,item,17,0.4722222222222222,0.06531524572903935,0.15745078374009103,0.2812078631547397,0.6930152060086555,nan,nan
REP01_E06,Qwen3-8B,base,item,18,0.5,0.0652837331930833,0.15744776471115446,0.2811931072664913,0.6929977820095641,nan,nan
REP01_E06,Qwen3-8B,base,item,19,0.5277777777777778,0.06522697108349268,0.1575082467831344,0.2811587450821409,0.6930341787793397,nan,nan
REP01_E06,Qwen3-8B,base,item,20,0.5555555555555556,0.06513188602567874,0.15774365413141644,0.28111609742258187,0.6930454148633598,nan,nan
REP01_E06,Qwen3-8B,base,item,21,0.5833333333333334,0.06514912358805881,0.15762591756981895,0.28108673632496134,0.6930374028477725,nan,nan
REP01_E06,Qwen3-8B,base,item,22,0.6111111111111112,0.06518261209790512,0.1575861597574903,0.28104625611783596,0.6930578386971987,nan,nan
REP01_E06,Qwen3-8B,base,item,23,0.6388888888888888,0.06518726070148455,0.15734728292086395,0.28105056783706267,0.6931390016695975,nan,nan
REP01_E06,Qwen3-8B,base,item,24,0.6666666666666666,0.0651834683401043,0.15725486802802238,0.28101283843091185,0.6931429824306099,nan,nan
REP01_E06,Qwen3-8B,base,item,25,0.6944444444444444,0.06535972266137709,0.1566908438267984,0.28094223730432827,0.6931166616409816,nan,nan
REP01_E06,Qwen3-8B,base,item,26,0.7222222222222222,0.06571120648394316,0.15605246428823613,0.28096393313957585,0.6931880088101737,nan,nan
REP01_E06,Qwen3-8B,base,item,27,0.75,0.06612619294889995,0.15530891114886988,0.2809505935298744,0.6930958365327904,nan,nan
REP01_E06,Qwen3-8B,base,item,28,0.7777777777777778,0.06629468929172208,0.15500566432731228,0.28087539919103893,0.693056452456342,nan,nan
REP01_E06,Qwen3-8B,base,item,29,0.8055555555555556,0.06645977353190538,0.1542536091496728,0.2812059981140954,0.6929407270945341,nan,nan
REP01_E06,Qwen3-8B,base,item,30,0.8333333333333334,0.06655907795332668,0.15366921294742636,0.28101749583187946,0.6927909688453442,nan,nan
REP01_E06,Qwen3-8B,base,item,31,0.8611111111111112,0.066649054427157,0.15322489430253625,0.28124099930920254,0.6930051094112843,nan,nan
REP01_E06,Qwen3-8B,base,item,32,0.8888888888888888,0.06651902546918179,0.1537019741173531,0.28161024692303815,0.6932870069543453,nan,nan
REP01_E06,Qwen3-8B,base,item,33,0.9166666666666666,0.06646097140419985,0.15409041228750284,0.28170922016572814,0.6934988819775306,nan,nan
REP01_E06,Qwen3-8B,base,item,34,0.9444444444444444,0.0658979793362704,0.15507712657131836,0.2815187946557155,0.694109153708926,nan,nan
REP01_E06,Qwen3-8B,base,item,35,0.9722222222222222,0.06358215448922079,0.15963099376249484,0.2781017187677229,0.6976127932238706,nan,nan
REP01_E06,Qwen3-8B,base,item,36,1.0,0.09975572253657752,0.08374107183335333,0.24875442205137302,0.7726141613059541,nan,nan
REP01_E06b,Qwen3-8B,full,family,0,0.0,0.03865443181533056,0.02386502334517881,0.13538829712920428,0.44813068955935903,0.6185876131195431,0.008440869509845631
REP01_E06b,Qwen3-8B,full,family,1,0.027777777777777776,0.07042898286672507,0.032264429673309315,0.16382239017554898,0.5447848840708631,0.6912558941465738,0.013055416850606077
REP01_E06b,Qwen3-8B,full,family,2,0.05555555555555555,0.07612291417071076,0.0367438042108719,0.1591060588725035,0.5381177860912597,0.6790428023927026,0.01995110506032948
REP01_E06b,Qwen3-8B,full,family,3,0.08333333333333333,0.076403772679149,0.03858094083993039,0.15398845047001364,0.514050754797279,0.6506715161491726,0.028265485675563203
REP01_E06b,Qwen3-8B,full,family,4,0.1111111111111111,0.10195049440886916,0.04040830411165007,0.16748832915677545,0.5190299845065048,0.6534241230840055,0.03418941463401082
REP01_E06b,Qwen3-8B,full,family,5,0.1388888888888889,0.09176782003666495,0.04086374875994994,0.16530268820224311,0.5615495319645043,0.6862022109777154,0.020334440093398496
REP01_E06b,Qwen3-8B,full,family,6,0.16666666666666666,0.09150718999965596,0.03717782673021701,0.1627645956556865,0.5728067380593104,0.6932863796771669,0.019025807653384873
REP01_E06b,Qwen3-8B,full,family,7,0.19444444444444445,0.030003994966326313,0.03341056186276266,0.07865070617717754,0.20463686665980332,0.3314991220022538,0.08256395164529445
REP01_E06b,Qwen3-8B,full,family,8,0.2222222222222222,0.03000478505217989,0.03343362662766094,0.07865455564831654,0.20467085998379317,0.33152488536632024,0.08257420978280602
REP01_E06b,Qwen3-8B,full,family,9,0.25,0.03002969502242663,0.033421071572556305,0.07868540820501557,0.2047387344082655,0.33158278437885486,0.08258553335797557
REP01_E06b,Qwen3-8B,full,family,10,0.2777777777777778,0.030057374132343394,0.03339440652688938,0.07869429815402104,0.20473657094732317,0.3315825262088321,0.08260972971816546
REP01_E06b,Qwen3-8B,full,family,11,0.3055555555555556,0.030066009062447562,0.03332838018724747,0.07867131273663912,0.20469028835877964,0.33153213936052567,0.08265787798410774
REP01_E06b,Qwen3-8B,full,family,12,0.3333333333333333,0.03007466207919115,0.03335089745653425,0.07865837750521877,0.20467263060172766,0.33149527858410144,0.08268495021203323
REP01_E06b,Qwen3-8B,full,family,13,0.3611111111111111,0.030052824700786615,0.03333595909513808,0.07865468022275804,0.20461444692081682,0.3314209868687138,0.08263602088305477
REP01_E06b,Qwen3-8B,full,family,14,0.3888888888888889,0.030046938063913724,0.0333538468734077,0.07865175627677372,0.20464320319401563,0.33142607324974893,0.08270555272355071
REP01_E06b,Qwen3-8B,full,family,15,0.4166666666666667,0.03004219401781199,0.03330334096923371,0.0786416683168469,0.20463688791808507,0.3314172392344477,0.08275069734909217
REP01_E06b,Qwen3-8B,full,family,16,0.4444444444444444,0.03006885072984379,0.03330811127622893,0.07865820752997311,0.20464182764124056,0.331422830995791,0.08273862507867559
REP01_E06b,Qwen3-8B,full,family,17,0.4722222222222222,0.0300363181972314,0.03334065108127128,0.07865601411220444,0.20458294836993712,0.33131219561051944,0.08269925957251059
REP01_E06b,Qwen3-8B,full,family,18,0.5,0.030000667967213717,0.03334229078684616,0.07862404114819001,0.20456762813787985,0.3312941477337378,0.08268009200410974
REP01_E06b,Qwen3-8B,full,family,19,0.5277777777777778,0.029950540867874426,0.03339805141991696,0.07859412240087756,0.20462705649696808,0.33133633840336957,0.082678157157078
REP01_E06b,Qwen3-8B,full,family,20,0.5555555555555556,0.02991367102453069,0.033557322695690436,0.0785863656534477,0.2046750503205764,0.33137644410901335,0.0826647448301735
REP01_E06b,Qwen3-8B,full,family,21,0.5833333333333334,0.02993333458490205,0.033483906372558124,0.07856545615539483,0.20467545665184955,0.331364373185708,0.08266853452642851
REP01_E06b,Qwen3-8B,full,family,22,0.6111111111111112,0.02996837989122614,0.033479713609341405,0.0785695838117593,0.20468890949819066,0.3313179507252519,0.08266747562506485
REP01_E06b,Qwen3-8B,full,family,23,0.6388888888888888,0.030038160191691064,0.03342421846928454,0.0786747550989457,0.20490251689711594,0.33153587196567763,0.08255373532625207
REP01_E06b,Qwen3-8B,full,family,24,0.6666666666666666,0.030082283646716095,0.033441310967026475,0.07871832899322062,0.2051049519102016,0.33169388114926485,0.0824391282317647
REP01_E06b,Qwen3-8B,full,family,25,0.6944444444444444,0.03023035621386986,0.033235448854463216,0.0788100413670351,0.20544809705114092,0.33200868888692087,0.08230075918846767
REP01_E06b,Qwen3-8B,full,family,26,0.7222222222222222,0.030505307636825067,0.03286691001220478,0.07897249455723813,0.20580724429884156,0.3323011947081119,0.08233059240038172
REP01_E06b,Qwen3-8B,full,family,27,0.75,0.03078272129009488,0.032402954712934175,0.07898602330372756,0.2058748043502506,0.33236818835367,0.08251362185221749
REP01_E06b,Qwen3-8B,full,family,28,0.7777777777777778,0.030844695541675314,0.03223744483052669,0.07899161010366086,0.20614112521420278,0.33247185715898825,0.08258255845183603
REP01_E06b,Qwen3-8B,full,family,29,0.8055555555555556,0.030993468219145025,0.031873106060275845,0.0793310518897715,0.20674624780315992,0.3330390131010801,0.08229531669608252
REP01_E06b,Qwen3-8B,full,family,30,0.8333333333333334,0.031036066746949618,0.031570530060865604,0.07915539720468591,0.20678730425053388,0.3330550436432952,0.0824523067282442
REP01_E06b,Qwen3-8B,full,family,31,0.8611111111111112,0.031169855595056258,0.031308481171319846,0.07936290975238415,0.20765295050655858,0.3338542653794896,0.08294911709486504
REP01_E06b,Qwen3-8B,full,family,32,0.8888888888888888,0.03111419334024594,0.032068708340484,0.0796825433065993,0.20870510682710208,0.3347208205425916,0.08206579099267824
REP01_E06b,Qwen3-8B,full,family,33,0.9166666666666666,0.030962980139541085,0.03225778828541026,0.07953116521554429,0.20917931960027075,0.3346679559829607,0.08295878860055453
REP01_E06b,Qwen3-8B,full,family,34,0.9444444444444444,0.030832487377280872,0.03353298526140017,0.08002993733652561,0.21095404272714255,0.33630406366305277,0.08199163680349517
REP01_E06b,Qwen3-8B,full,family,35,0.9722222222222222,0.03082015965792231,0.04150915567666481,0.0819496651666693,0.2235850086947011,0.3486430922283597,0.07688919794077234
REP01_E06b,Qwen3-8B,full,family,36,1.0,0.07370768587034848,0.06988641741507656,0.1228049247332185,0.37765742654527457,0.4782039117597738,0.058990783790456094
REP01_E07,Fanar-1-9B,base,item,0,0.0,0.05214267364220368,0.02879137750698542,0.15978666658784058,0.8204287826025164,nan,nan
REP01_E07,Fanar-1-9B,base,item,1,0.023809523809523808,0.0507921079903321,0.02596658539214812,0.16551359295440984,0.817307983999475,nan,nan
REP01_E07,Fanar-1-9B,base,item,2,0.047619047619047616,0.05311889247791052,0.02832360228700902,0.1630475287325365,0.8235608961965841,nan,nan
REP01_E07,Fanar-1-9B,base,item,3,0.07142857142857142,0.05952540975158416,0.02800172814057566,0.16133259160679406,0.835547371537579,nan,nan
REP01_E07,Fanar-1-9B,base,item,4,0.09523809523809523,0.0732467622567467,0.026065726191051884,0.17508664120394182,0.8464130536545459,nan,nan
REP01_E07,Fanar-1-9B,base,item,5,0.11904761904761904,0.09121212734791137,0.029145728102494287,0.20873605650009477,0.8479862872678822,nan,nan
REP01_E07,Fanar-1-9B,base,item,6,0.14285714285714285,0.09810917963550683,0.038439746910013256,0.21296187596578217,0.8585618676245135,nan,nan
REP01_E07,Fanar-1-9B,base,item,7,0.16666666666666666,0.09764351639048231,0.04997668652145337,0.2230478810093385,0.8574464404131178,nan,nan
REP01_E07,Fanar-1-9B,base,item,8,0.19047619047619047,0.09356914120964148,0.056493412524091347,0.2195543936409855,0.8556788665158097,nan,nan
REP01_E07,Fanar-1-9B,base,item,9,0.21428571428571427,0.08844082097036451,0.06735174342006557,0.21440540186346643,0.8562775297470098,nan,nan
REP01_E07,Fanar-1-9B,base,item,10,0.23809523809523808,0.09107185262187271,0.06460511916000047,0.21454102994823837,0.8597466559610986,nan,nan
REP01_E07,Fanar-1-9B,base,item,11,0.2619047619047619,0.08905925442897661,0.06658504719888597,0.21670395029138564,0.8566727147585109,nan,nan
REP01_E07,Fanar-1-9B,base,item,12,0.2857142857142857,0.0948342384901885,0.06981830233980443,0.22529930283495345,0.8566936373565478,nan,nan
REP01_E07,Fanar-1-9B,base,item,13,0.30952380952380953,0.09904668878655849,0.07058965193693753,0.22851044105524357,0.8531986937776492,nan,nan
REP01_E07,Fanar-1-9B,base,item,14,0.3333333333333333,0.09452866624341605,0.07469507518591428,0.22116576494532902,0.8485031812707277,nan,nan
REP01_E07,Fanar-1-9B,base,item,15,0.35714285714285715,0.08918012178228438,0.07589235716547418,0.21789647227689923,0.8401672981097634,nan,nan
REP01_E07,Fanar-1-9B,base,item,16,0.38095238095238093,0.08697261982699142,0.07798416776699757,0.21853263332531703,0.8432243380164594,nan,nan
REP01_E07,Fanar-1-9B,base,item,17,0.40476190476190477,0.0820500237217301,0.07676533715964022,0.208341389655577,0.8483297226950268,nan,nan
REP01_E07,Fanar-1-9B,base,item,18,0.42857142857142855,0.0807825920547916,0.07788752710352956,0.20816659843241855,0.8499889801093812,nan,nan
REP01_E07,Fanar-1-9B,base,item,19,0.4523809523809524,0.08235828149074569,0.07877499859895534,0.21058667863658712,0.8466141735360151,nan,nan
REP01_E07,Fanar-1-9B,base,item,20,0.47619047619047616,0.08137726426358508,0.0789389390860016,0.20961058603103389,0.8456495218689539,nan,nan
REP01_E07,Fanar-1-9B,base,item,21,0.5,0.08083813310867595,0.08108253497454669,0.2088346961706034,0.8498530857737324,nan,nan
REP01_E07,Fanar-1-9B,base,item,22,0.5238095238095238,0.08213196840525476,0.09242359268238659,0.2124345239618059,0.8501341271061069,nan,nan
REP01_E07,Fanar-1-9B,base,item,23,0.5476190476190477,0.09056087372366241,0.09310096496891178,0.22666090800595046,0.848237115657688,nan,nan
REP01_E07,Fanar-1-9B,base,item,24,0.5714285714285714,0.09991012683485294,0.0955001550737765,0.24436957001474643,0.8504006432072914,nan,nan
REP01_E07,Fanar-1-9B,base,item,25,0.5952380952380952,0.1065674986279996,0.09890769628033827,0.253505098593739,0.8496838923259888,nan,nan
REP01_E07,Fanar-1-9B,base,item,26,0.6190476190476191,0.10800246507793576,0.10578113027990196,0.25861670033572626,0.8496558736932273,nan,nan
REP01_E07,Fanar-1-9B,base,item,27,0.6428571428571429,0.11048288579426138,0.10689967334048937,0.26215504857322564,0.8484099431897227,nan,nan
REP01_E07,Fanar-1-9B,base,item,28,0.6666666666666666,0.11682171478930875,0.10191096785616857,0.2533957138017332,0.8534366240960722,nan,nan
REP01_E07,Fanar-1-9B,base,item,29,0.6904761904761905,0.11294106241535559,0.10042884227123741,0.25449045776661494,0.8509116380640139,nan,nan
REP01_E07,Fanar-1-9B,base,item,30,0.7142857142857143,0.10944355311235897,0.09432859747382608,0.25115531105021655,0.8527873487784798,nan,nan
REP01_E07,Fanar-1-9B,base,item,31,0.7380952380952381,0.10558516581342318,0.09072435911269994,0.25256798763281463,0.8542296652394599,nan,nan
REP01_E07,Fanar-1-9B,base,item,32,0.7619047619047619,0.10165675363889401,0.08589478344579334,0.2469766661568984,0.8561096789398528,nan,nan
REP01_E07,Fanar-1-9B,base,item,33,0.7857142857142857,0.1040972028025769,0.08254983280921652,0.2510976605124013,0.8566490102449231,nan,nan
REP01_E07,Fanar-1-9B,base,item,34,0.8095238095238095,0.10127284937500475,0.07326672187736046,0.2477112304610111,0.8549040944499628,nan,nan
REP01_E07,Fanar-1-9B,base,item,35,0.8333333333333334,0.10022122429633282,0.07498032252825396,0.24709883437089714,0.8553968317083864,nan,nan
REP01_E07,Fanar-1-9B,base,item,36,0.8571428571428571,0.10370673867073413,0.07293678860361315,0.2547745472932223,0.8548479156287074,nan,nan
REP01_E07,Fanar-1-9B,base,item,37,0.8809523809523809,0.1027441031798833,0.07512264449323226,0.25028444198685335,0.8553604940620663,nan,nan
REP01_E07,Fanar-1-9B,base,item,38,0.9047619047619048,0.10345472781757926,0.07695205048381308,0.2515033200439427,0.8560337394897031,nan,nan
REP01_E07,Fanar-1-9B,base,item,39,0.9285714285714286,0.10191025254033982,0.07509606707828494,0.24822228682612887,0.8552089474823369,nan,nan
REP01_E07,Fanar-1-9B,base,item,40,0.9523809523809523,0.09932320780179711,0.07493947048202053,0.24732936979065087,0.8548990376142233,nan,nan
REP01_E07,Fanar-1-9B,base,item,41,0.9761904761904762,0.0977867323127219,0.10451089453444513,0.24917561080902803,0.8523804821679974,nan,nan
REP01_E07,Fanar-1-9B,base,item,42,1.0,0.10050889504761226,0.23403385667644405,0.2752096917711977,0.8443262894697682,nan,nan
REP01_E07b,Fanar-1-9B,full,family,0,0.0,0.039693165722082584,0.02697564531239147,0.09961225529065587,0.4700077270268692,0.6427275300033852,0.006787914877403559
REP01_E07b,Fanar-1-9B,full,family,1,0.023809523809523808,0.04029267408254253,0.026783368462756068,0.10459681639615571,0.4760998495643291,0.6494119568611606,0.007327394512420411
REP01_E07b,Fanar-1-9B,full,family,2,0.047619047619047616,0.04447198682596665,0.027226258408248053,0.10634888299366928,0.49302803814253215,0.6575333268990574,0.009363008612829736
REP01_E07b,Fanar-1-9B,full,family,3,0.07142857142857142,0.05481731793401546,0.027812965061756432,0.11292013190085777,0.5254428967472142,0.6780638433385515,0.010980630220488286
REP01_E07b,Fanar-1-9B,full,family,4,0.09523809523809523,0.06751618510926474,0.027924917267477842,0.12392626137100694,0.5531292356887361,0.6961582570465924,0.010690872677738137
REP01_E07b,Fanar-1-9B,full,family,5,0.11904761904761904,0.08668826836106337,0.031839031547310014,0.15005867214201743,0.55824206283162,0.6971732720967465,0.01659530182858641
REP01_E07b,Fanar-1-9B,full,family,6,0.14285714285714285,0.09269517796760864,0.037798646556678986,0.1571749712966777,0.5911131810094231,0.7245221350262233,0.020837132580014496
REP01_E07b,Fanar-1-9B,full,family,7,0.16666666666666666,0.09130628521000257,0.045449943550637216,0.16120482588429774,0.5976442369666335,0.7294286902860284,0.01973022899938449
REP01_E07b,Fanar-1-9B,full,family,8,0.19047619047619047,0.08648622539591182,0.05062655685625648,0.15862921226716212,0.6012341263374286,0.7338116373223944,0.01742747264160929
REP01_E07b,Fanar-1-9B,full,family,9,0.21428571428571427,0.08256273006484378,0.05946132150517435,0.15759184112907962,0.6141066746037022,0.7453757288585097,0.016969199921974803
REP01_E07b,Fanar-1-9B,full,family,10,0.23809523809523808,0.08498476858656177,0.05312298827773994,0.15766502125886483,0.6124272989528113,0.7409293006087017,0.016882628785599735
REP01_E07b,Fanar-1-9B,full,family,11,0.2619047619047619,0.08370554648828708,0.053091750359160014,0.15790729829817488,0.605471711609536,0.7353744049842482,0.017390060494692945
REP01_E07b,Fanar-1-9B,full,family,12,0.2857142857142857,0.08772853298332302,0.056765229321414236,0.16384001684693975,0.5976121916481538,0.7285200733394985,0.018095417845063282
REP01_E07b,Fanar-1-9B,full,family,13,0.30952380952380953,0.08777118345058535,0.05755619123500209,0.16119583741906476,0.575883111504002,0.7090496925422832,0.01978746791469268
REP01_E07b,Fanar-1-9B,full,family,14,0.3333333333333333,0.08389749632241705,0.059739286538891524,0.1561595192619514,0.5666422120689011,0.6998810170673595,0.018712115035887267
REP01_E07b,Fanar-1-9B,full,family,15,0.35714285714285715,0.07954943406028385,0.061814592408873305,0.15307598787477927,0.5533074529903085,0.687211262983651,0.018293355571961035
REP01_E07b,Fanar-1-9B,full,family,16,0.38095238095238093,0.0762970849815188,0.06387736638370956,0.15077645801560077,0.5438911664583573,0.677886473621587,0.01894741270276844
REP01_E07b,Fanar-1-9B,full,family,17,0.40476190476190477,0.07177058428112951,0.06332003326071572,0.14459933064261635,0.5427828440279868,0.6743878477367959,0.017573810329761054
REP01_E07b,Fanar-1-9B,full,family,18,0.42857142857142855,0.07271002569737592,0.06447569765163422,0.1481531655178294,0.5561325581115208,0.6866271922097047,0.0166588065392728
REP01_E07b,Fanar-1-9B,full,family,19,0.4523809523809524,0.07373959220482924,0.06393927576270973,0.14951878659929904,0.5518887765171363,0.6830753467652673,0.01666393048679883
REP01_E07b,Fanar-1-9B,full,family,20,0.47619047619047616,0.07334269335577158,0.0653716873531462,0.15052832681052045,0.5555400121378701,0.6858526499915936,0.016254630935567248
REP01_E07b,Fanar-1-9B,full,family,21,0.5,0.0732121155793229,0.06914078202841573,0.15113036691409767,0.5555967613505415,0.6844217178844701,0.01676953844319661
REP01_E07b,Fanar-1-9B,full,family,22,0.5238095238095238,0.07373120701620225,0.07711586645863236,0.15390120078436956,0.5590861917458542,0.6869093381568617,0.017367938756426317
REP01_E07b,Fanar-1-9B,full,family,23,0.5476190476190477,0.08069087052022103,0.07750077371682926,0.16424727191126604,0.5581378909741109,0.687815133683265,0.019152489792777297
REP01_E07b,Fanar-1-9B,full,family,24,0.5714285714285714,0.08812204876975809,0.08049174208006245,0.17357624089607296,0.5494990434229174,0.6784028639382328,0.02391779161695449
REP01_E07b,Fanar-1-9B,full,family,25,0.5952380952380952,0.09319633407687998,0.08741325066546703,0.18021993212327878,0.5465523293941168,0.6762912877955665,0.026405812967869077
REP01_E07b,Fanar-1-9B,full,family,26,0.6190476190476191,0.09338257321793993,0.0977291509359677,0.18409252540750484,0.5505204145593409,0.6763851487057949,0.03126315410807491
REP01_E07b,Fanar-1-9B,full,family,27,0.6428571428571429,0.0963996874873621,0.08662734919822906,0.18412236196477003,0.5528049742281489,0.6809351049084936,0.029410802315873823
REP01_E07b,Fanar-1-9B,full,family,28,0.6666666666666666,0.10236264535622623,0.08890114909632736,0.1870020800039874,0.5829765743959047,0.7070882432334059,0.02643081992551561
REP01_E07b,Fanar-1-9B,full,family,29,0.6904761904761905,0.1005939395841956,0.08941061917509245,0.18619924626907353,0.5739136735667935,0.6987058122604336,0.02997871492252731
REP01_E07b,Fanar-1-9B,full,family,30,0.7142857142857143,0.09853909530580732,0.08147324362006964,0.18640758243456565,0.5807774879410417,0.7046008120680499,0.02898845186296551
REP01_E07b,Fanar-1-9B,full,family,31,0.7380952380952381,0.09710242141808245,0.081775657800831,0.187633052866813,0.585675232289432,0.7084156843291777,0.028118251132700126
REP01_E07b,Fanar-1-9B,full,family,32,0.7619047619047619,0.09339407493881167,0.07797503157223538,0.18284667599195226,0.5810427850870931,0.7031883284180892,0.027018734980444565
REP01_E07b,Fanar-1-9B,full,family,33,0.7857142857142857,0.09564441713072704,0.07906279865509815,0.18490057625556566,0.5767388546430269,0.6970506429865203,0.030835088151269844
REP01_E07b,Fanar-1-9B,full,family,34,0.8095238095238095,0.09305588847345587,0.06982699609558708,0.18060364109346075,0.5702919274910133,0.6903095474062829,0.02914784721191964
REP01_E07b,Fanar-1-9B,full,family,35,0.8333333333333334,0.09429271928761881,0.07183862951834843,0.18220585693228544,0.5623082681979926,0.6809739361772463,0.032617454949652326
REP01_E07b,Fanar-1-9B,full,family,36,0.8571428571428571,0.09698759347263712,0.07101322422094448,0.18430884154921764,0.5470050595286199,0.664574291090408,0.03592466445018029
REP01_E07b,Fanar-1-9B,full,family,37,0.8809523809523809,0.09505693217607762,0.06918317234027448,0.1773368541212684,0.5369130790143167,0.6525012315799388,0.038808836924123055
REP01_E07b,Fanar-1-9B,full,family,38,0.9047619047619048,0.09583004167578305,0.0748799936114448,0.17702126021955789,0.5274407360742488,0.6414261339068753,0.04459476185756259
REP01_E07b,Fanar-1-9B,full,family,39,0.9285714285714286,0.09495848019053185,0.0694817505214096,0.17472748965223922,0.5214768126740149,0.6357371687926727,0.0451115665819191
REP01_E07b,Fanar-1-9B,full,family,40,0.9523809523809523,0.09207761393219752,0.06911133110926852,0.17161612125964357,0.5144964295753442,0.6288845662850249,0.045035842724294235
REP01_E07b,Fanar-1-9B,full,family,41,0.9761904761904762,0.08558529517710348,0.10236057049721053,0.16944667735269017,0.5055034095269658,0.6218293427211509,0.04378830578690249
REP01_E07b,Fanar-1-9B,full,family,42,1.0,0.08633678491058067,0.24644424025454664,0.1914163480918372,0.4946822514588773,0.6159640962478967,0.039618243546799145
REP01_E08,ALLaM-7B,base,item,0,0.0,0.045746812455243965,0.02401040538690392,0.12821590635596963,0.8234340205032273,nan,nan
REP01_E08,ALLaM-7B,base,item,1,0.03125,0.04540376376889896,0.04676695710876128,0.14298683947113489,0.8243148210014226,nan,nan
REP01_E08,ALLaM-7B,base,item,2,0.0625,0.025850901871245544,0.15994018488224615,0.14935784962556353,0.8519144576938172,nan,nan
REP01_E08,ALLaM-7B,base,item,3,0.09375,0.013347897149071038,0.5367505151247755,0.2108722671708115,0.8573387843137682,nan,nan
REP01_E08,ALLaM-7B,base,item,4,0.125,0.012151852625016016,0.5423592682809427,0.20841713536562542,0.8627076362658764,nan,nan
REP01_E08,ALLaM-7B,base,item,5,0.15625,0.012142716743154444,0.5424395913465866,0.20840377944500968,0.8627208226611095,nan,nan
REP01_E08,ALLaM-7B,base,item,6,0.1875,0.012141574156649711,0.542522681855959,0.20841345678760434,0.862732982696532,nan,nan
REP01_E08,ALLaM-7B,base,item,7,0.21875,0.012149038546030756,0.542513987400022,0.20840928465729244,0.8627298705924693,nan,nan
REP01_E08,ALLaM-7B,base,item,8,0.25,0.012152706227587096,0.542518266762479,0.2084294501832766,0.8627240749151633,nan,nan
REP01_E08,ALLaM-7B,base,item,9,0.28125,0.012148459199856361,0.542567179639686,0.20841642556140208,0.8627143053196843,nan,nan
REP01_E08,ALLaM-7B,base,item,10,0.3125,0.012150659799212093,0.5425349668112184,0.2084203666612068,0.8627208357892481,nan,nan
REP01_E08,ALLaM-7B,base,item,11,0.34375,0.012147194261139029,0.5424825465227975,0.20838838629252046,0.8627226107408322,nan,nan
REP01_E08,ALLaM-7B,base,item,12,0.375,0.012158970990506437,0.5423898760320526,0.2083997771849543,0.8627280473426299,nan,nan
REP01_E08,ALLaM-7B,base,item,13,0.40625,0.012153512911510511,0.5423969036943805,0.20840741049657727,0.8627215801776222,nan,nan
REP01_E08,ALLaM-7B,base,item,14,0.4375,0.01215760043143954,0.5423956024826645,0.20842065440921675,0.8627134675201192,nan,nan
REP01_E08,ALLaM-7B,base,item,15,0.46875,0.012164633091973293,0.5424318061403235,0.20839870985657286,0.8627224445685486,nan,nan
REP01_E08,ALLaM-7B,base,item,16,0.5,0.012168659280125485,0.542413359117784,0.20840829456917456,0.8627146985509697,nan,nan
REP01_E08,ALLaM-7B,base,item,17,0.53125,0.012175298254090272,0.5425282432371565,0.20844249755655705,0.8627098908670089,nan,nan
REP01_E08,ALLaM-7B,base,item,18,0.5625,0.012184641422111092,0.5423619686542844,0.20844521326214488,0.8627087918151873,nan,nan
REP01_E08,ALLaM-7B,base,item,19,0.59375,0.012178782715804836,0.5425034959870689,0.20841596149877198,0.8627173808615116,nan,nan
REP01_E08,ALLaM-7B,base,item,20,0.625,0.01217430806596824,0.542466173520641,0.20842150448762228,0.8626936342978129,nan,nan
REP01_E08,ALLaM-7B,base,item,21,0.65625,0.012171361218953661,0.542631737922942,0.20840275260189667,0.8627109012589299,nan,nan
REP01_E08,ALLaM-7B,base,item,22,0.6875,0.012167105722785397,0.5426856949256629,0.20840668806042872,0.8626993818608291,nan,nan
REP01_E08,ALLaM-7B,base,item,23,0.71875,0.012166927857625279,0.5427367782551678,0.2084239174726551,0.8626889582527042,nan,nan
REP01_E08,ALLaM-7B,base,item,24,0.75,0.012154711039620705,0.5427813071458744,0.20840883472546462,0.8626953288104809,nan,nan
REP01_E08,ALLaM-7B,base,item,25,0.78125,0.012164092375657128,0.5427272341700233,0.20839458973097805,0.8626902122795709,nan,nan
REP01_E08,ALLaM-7B,base,item,26,0.8125,0.012145607616303865,0.5426184106050032,0.2083622829663482,0.8627016160279275,nan,nan
REP01_E08,ALLaM-7B,base,item,27,0.84375,0.012147439271061334,0.5426410140141191,0.20835080829246955,0.8627104580816958,nan,nan
REP01_E08,ALLaM-7B,base,item,28,0.875,0.012146310231447676,0.5425696475924316,0.20828457725870292,0.8627242600526743,nan,nan
REP01_E08,ALLaM-7B,base,item,29,0.90625,0.012215687978932837,0.5421850874863626,0.20830248286571976,0.8627260048136947,nan,nan
REP01_E08,ALLaM-7B,base,item,30,0.9375,0.01227936203973709,0.5416621429895035,0.20830862910953435,0.8627364540028634,nan,nan
REP01_E08,ALLaM-7B,base,item,31,0.96875,0.012727062718019915,0.5386536391387321,0.20806168239982928,0.8625961743713115,nan,nan
REP01_E08,ALLaM-7B,base,item,32,1.0,0.06397511285508012,0.20889955221460071,0.234770448716844,0.8780193902565316,nan,nan
REP01_E08b,ALLaM-7B,full,family,0,0.0,0.033181918560425225,0.02086770606386313,0.07302120473204751,0.4170902736641758,0.5595455217628952,0.005537007169104567
REP01_E08b,ALLaM-7B,full,family,1,0.03125,0.03806286257610302,0.0306857018864384,0.08758649456099289,0.4552590055492644,0.5991448569715897,0.009805929233775195
REP01_E08b,ALLaM-7B,full,family,2,0.0625,0.02391404559196658,0.05760744298745041,0.10937706294349206,0.4514214039003319,0.5965823540474572,0.023609329918621868
REP01_E08b,ALLaM-7B,full,family,3,0.09375,0.04159385631802245,0.22184095602895124,0.1686919287123905,0.5008778183358664,0.6554422332574528,0.07279910631795167
REP01_E08b,ALLaM-7B,full,family,4,0.125,0.041355996281871435,0.22469486445998382,0.17319945214003418,0.5064926949116056,0.6622738147890916,0.06715151704448678
REP01_E08b,ALLaM-7B,full,family,5,0.15625,0.041337257393396415,0.22478168430427634,0.17319049299397937,0.5065195922959711,0.6622935014234234,0.06715005617249706
REP01_E08b,ALLaM-7B,full,family,6,0.1875,0.04132825539904776,0.22490280379281186,0.17320474604327274,0.5065772319086568,0.6623350572860337,0.06714242638363098
REP01_E08b,ALLaM-7B,full,family,7,0.21875,0.04133473727017756,0.22489186982427828,0.17318951509065358,0.5065503913503989,0.6623194264449249,0.06714580905996585
REP01_E08b,ALLaM-7B,full,family,8,0.25,0.04135723930239266,0.2249372739506493,0.17322520585741807,0.5065647037703997,0.6623352319156444,0.06714103756177132
REP01_E08b,ALLaM-7B,full,family,9,0.28125,0.04134149279423951,0.22500861140254844,0.17321735658185983,0.506559481990979,0.6623283172702995,0.06714416964288286
REP01_E08b,ALLaM-7B,full,family,10,0.3125,0.04134302236925358,0.22498227315252653,0.1732138642725989,0.506572801518,0.6623312322038821,0.06713629409441928
REP01_E08b,ALLaM-7B,full,family,11,0.34375,0.041347257553545,0.22489420487445502,0.17319718083703686,0.5065528394269866,0.6623172702784981,0.0671478108442522
REP01_E08b,ALLaM-7B,full,family,12,0.375,0.041354833280239645,0.22483526906917928,0.17321521001260304,0.5065621540702191,0.6623249626925408,0.0671393104310783
REP01_E08b,ALLaM-7B,full,family,13,0.40625,0.04135530587082529,0.22483331996026223,0.17322763512728195,0.5065517723990424,0.6623233737224482,0.06714755467502943
REP01_E08b,ALLaM-7B,full,family,14,0.4375,0.041360426923374737,0.22484522454356762,0.17324690778222385,0.5065596397340624,0.6623395182050953,0.06714424578996511
REP01_E08b,ALLaM-7B,full,family,15,0.46875,0.04136973882894955,0.22491553435546488,0.17323651017207015,0.5065510171861167,0.6623209503710832,0.06714959640780009
REP01_E08b,ALLaM-7B,full,family,16,0.5,0.041380598914753534,0.22492513060606847,0.17324791076288862,0.5065404212926146,0.6623157605177774,0.06713967605581904
REP01_E08b,ALLaM-7B,full,family,17,0.53125,0.04138535673112757,0.2250492776665492,0.17327663460953666,0.5065539589817013,0.6623269955541934,0.06713940501751665
REP01_E08b,ALLaM-7B,full,family,18,0.5625,0.04140240641105373,0.22493477290758818,0.17327582437001746,0.5065280166568297,0.6622937022898333,0.06711345236073235
REP01_E08b,ALLaM-7B,full,family,19,0.59375,0.04137817812314317,0.22507572597564693,0.17323588458770225,0.5065234818373247,0.6622920848000594,0.06712842775072922
REP01_E08b,ALLaM-7B,full,family,20,0.625,0.04137978518350049,0.22508608011909484,0.1732583271074802,0.506513012395603,0.6623064705178993,0.06711431393428505
REP01_E08b,ALLaM-7B,full,family,21,0.65625,0.041370567550578316,0.2253176050777861,0.1732721588879072,0.5065676025732753,0.6623523894075665,0.06710484977069642
REP01_E08b,ALLaM-7B,full,family,22,0.6875,0.04138463181280996,0.22541750477981376,0.1732960465279179,0.506565637965087,0.6623604258318256,0.06709650991069335
REP01_E08b,ALLaM-7B,full,family,23,0.71875,0.04138587376493112,0.22559225130894706,0.1733305898269964,0.5065875862530913,0.6623702307598958,0.06706045057890084
REP01_E08b,ALLaM-7B,full,family,24,0.75,0.04135304542649722,0.2256882802697741,0.17331418864686232,0.5065886189994809,0.6623726067923459,0.06705525220982968
REP01_E08b,ALLaM-7B,full,family,25,0.78125,0.04135199139691795,0.2257116761040452,0.17330663011465192,0.5065912638800296,0.6623786784028334,0.06704753708058889
REP01_E08b,ALLaM-7B,full,family,26,0.8125,0.04129919508473229,0.22570172488291215,0.17327381076338272,0.5066381089739412,0.6624009790853129,0.06702087920073241
REP01_E08b,ALLaM-7B,full,family,27,0.84375,0.04126691151791024,0.22588151485104857,0.1732723057439711,0.5066847329534853,0.6624294142564557,0.06697539397787404
REP01_E08b,ALLaM-7B,full,family,28,0.875,0.0412317319405541,0.22600265843336423,0.1732369671400946,0.506725055729806,0.6624535668975713,0.06693262395015319
REP01_E08b,ALLaM-7B,full,family,29,0.90625,0.041287129722726815,0.22586455036714528,0.1732495109961,0.5067657520943021,0.6624717661613891,0.06686987835852981
REP01_E08b,ALLaM-7B,full,family,30,0.9375,0.0413606992711844,0.22556641442864325,0.17324236491469386,0.5067749072196683,0.6624320223742062,0.06681499376487424
REP01_E08b,ALLaM-7B,full,family,31,0.96875,0.041693208407884104,0.22474306484430956,0.17296072116282404,0.5067588415015261,0.6622084084397747,0.06649027386180395
REP01_E08b,ALLaM-7B,full,family,32,1.0,0.06535134299924125,0.14640325744762134,0.17946397567215447,0.5264957204145945,0.6512561346033096,0.04104078783328537
